{"animalList":[{"_id":"Animal:e4caf0c2-2077-4acc-8abf-44697e70f8d4","position":{"x":45.3945465,"y":4.0,"z":56.6439323},"rotation":{"x":0.0,"y":-0.180892259,"z":0.0,"w":-0.983503},"localScale":{"x":1.0,"y":1.0,"z":1.0},"selectedPrefabId":26766,"tag":"Placed","placeablePrice":500,"placeableName":"Raccoon","exhibitId":"Exhibit:d1bfe54a-106b-4885-a231-5c880156c4e6","hunger":67.3788452,"thirst":85.90715,"restroomNeeds":15.6804256,"happiness":0.0,"health":89.87123,"prevDay":638403552000000000,"isSick":false,"age":3.22580624,"isMale":true,"isPregnant":false,"pregnancyTimeMonth":0.0,"fertility":94,"terrainBonusMultiplier":0.0,"natureBonusMultiplier":-2.0},{"_id":"Animal:94b1b4c4-3faa-43f7-a92b-8038ece63480","position":{"x":45.3671722,"y":4.0,"z":55.86314},"rotation":{"x":0.0,"y":0.417836,"z":0.0,"w":-0.9085225},"localScale":{"x":1.0,"y":1.0,"z":1.0},"selectedPrefabId":26766,"tag":"Placed","placeablePrice":500,"placeableName":"Raccoon","exhibitId":"Exhibit:d1bfe54a-106b-4885-a231-5c880156c4e6","hunger":76.08472,"thirst":94.64762,"restroomNeeds":34.5939636,"happiness":0.272248834,"health":77.26743,"prevDay":638403552000000000,"isSick":false,"age":3.22580624,"isMale":false,"isPregnant":false,"pregnancyTimeMonth":0.0,"fertility":70,"terrainBonusMultiplier":0.0,"natureBonusMultiplier":-2.0},{"_id":"Animal:69c20375-1db6-4b4b-ac88-428e474baa75","position":{"x":44.23387,"y":4.0,"z":57.44412},"rotation":{"x":0.0,"y":-0.634833038,"z":0.0,"w":-0.7726494},"localScale":{"x":1.0,"y":1.0,"z":1.0},"selectedPrefabId":26766,"tag":"Placed","placeablePrice":500,"placeableName":"Raccoon","exhibitId":"Exhibit:d1bfe54a-106b-4885-a231-5c880156c4e6","hunger":95.13251,"thirst":66.82984,"restroomNeeds":28.9803448,"happiness":0.0,"health":78.7902451,"prevDay":638403552000000000,"isSick":false,"age":3.22580624,"isMale":false,"isPregnant":false,"pregnancyTimeMonth":0.0,"fertility":77,"terrainBonusMultiplier":0.0,"natureBonusMultiplier":-2.0},{"_id":"Animal:d51fb27d-7b1e-4dda-b6f3-b15304bf776e","position":{"x":42.4473877,"y":4.0,"z":57.73895},"rotation":{"x":0.0,"y":0.7420112,"z":0.0,"w":-0.670387566},"localScale":{"x":1.0,"y":1.0,"z":1.0},"selectedPrefabId":26766,"tag":"Placed","placeablePrice":500,"placeableName":"Raccoon","exhibitId":"Exhibit:d1bfe54a-106b-4885-a231-5c880156c4e6","hunger":69.0459,"thirst":73.7762451,"restroomNeeds":15.9555969,"happiness":0.0,"health":78.2225952,"prevDay":638403552000000000,"isSick":false,"age":3.22580624,"isMale":true,"isPregnant":false,"pregnancyTimeMonth":0.0,"fertility":66,"terrainBonusMultiplier":0.0,"natureBonusMultiplier":-2.0},{"_id":"Animal:07d7c873-0f7a-4367-b203-134299658764","position":{"x":39.53228,"y":4.5,"z":51.1118279},"rotation":{"x":0.0,"y":-0.338949978,"z":0.0,"w":0.9408044},"localScale":{"x":1.0,"y":1.0,"z":1.0},"selectedPrefabId":26770,"tag":"Placed","placeablePrice":700,"placeableName":"Grey Wolf","exhibitId":"Exhibit:c2c823c5-7639-48f6-b997-f94dfe720ff2","hunger":50.80577,"thirst":52.105423,"restroomNeeds":44.86386,"happiness":15.7770119,"health":80.6197052,"prevDay":638403552000000000,"isSick":false,"age":2.064516,"isMale":true,"isPregnant":false,"pregnancyTimeMonth":0.0,"fertility":73,"terrainBonusMultiplier":-0.0187499523,"natureBonusMultiplier":-2.0},{"_id":"Animal:4d61dfd3-ab18-48df-abc1-af13f4e720c3","position":{"x":39.675293,"y":4.5,"z":50.3070068},"rotation":{"x":0.0,"y":-0.9954954,"z":0.0,"w":0.0948108},"localScale":{"x":1.0,"y":1.0,"z":1.0},"selectedPrefabId":26770,"tag":"Placed","placeablePrice":700,"placeableName":"Grey Wolf","exhibitId":"Exhibit:c2c823c5-7639-48f6-b997-f94dfe720ff2","hunger":59.2851334,"thirst":53.5362053,"restroomNeeds":57.8866577,"happiness":33.0611153,"health":94.0,"prevDay":638403552000000000,"isSick":false,"age":2.064516,"isMale":true,"isPregnant":false,"pregnancyTimeMonth":0.0,"fertility":80,"terrainBonusMultiplier":-0.0187499523,"natureBonusMultiplier":-2.0},{"_id":"Animal:dfe53523-d246-4ed8-9363-82e6c9d92754","position":{"x":41.1463776,"y":4.0,"z":49.76439},"rotation":{"x":0.0,"y":0.6232593,"z":0.0,"w":0.7820153},"localScale":{"x":1.0,"y":1.0,"z":1.0},"selectedPrefabId":26770,"tag":"Placed","placeablePrice":700,"placeableName":"Grey Wolf","exhibitId":"Exhibit:c2c823c5-7639-48f6-b997-f94dfe720ff2","hunger":62.4454956,"thirst":39.7396545,"restroomNeeds":49.57077,"happiness":15.8256035,"health":83.54122,"prevDay":638403552000000000,"isSick":false,"age":2.064516,"isMale":false,"isPregnant":false,"pregnancyTimeMonth":0.0,"fertility":68,"terrainBonusMultiplier":-0.0187499523,"natureBonusMultiplier":-2.0}],"babiesBorn":0}