{"staffList":[{"$type":"Zookeeper+ZookeeperData, Assembly-CSharp","_id":"Zookeeper:ebd2a77a-f64d-44be-a71e-357fd4bb7d64","placeablePrice":500,"tag":"Placed","position":{"x":40.5095329,"y":4.2619,"z":51.04707},"selectedPrefabId":26738,"rotation":{"x":0.0,"y":-0.657457352,"z":0.0,"w":0.753491759}},{"$type":"Vet+VetData, Assembly-CSharp","_id":"Vet:66e371d3-3858-4e05-b2ee-fde5cff701cf","placeablePrice":600,"tag":"Placed","position":{"x":41.7382965,"y":3.99999976,"z":56.49921},"selectedPrefabId":26736,"rotation":{"x":0.0,"y":0.999627769,"z":0.0,"w":0.02728565}},{"$type":"Maintainer+MaintainerData, Assembly-CSharp","_id":"Maintainer:2d06f2f1-f786-4cb9-a949-678c9c335ef1","placeablePrice":650,"tag":"Placed","position":{"x":41.37904,"y":3.99999976,"z":53.2616653},"selectedPrefabId":26742,"rotation":{"x":0.0,"y":0.9984773,"z":0.0,"w":-0.0551660061}}]}