{"visitorList":[{"_id":"Visitor:06b78165-cfbc-403a-bf1f-967b9b2c3abd","position":{"x":37.13332,"y":4.521103,"z":46.10901},"selectedPrefabId":26740,"rotation":{"x":0.0,"y":0.9987249,"z":0.0,"w":0.0504845157},"atDestination":false,"arrived":false,"destination":{"x":37.33901,"y":4.5,"z":44.1},"destinationVisitableId":"Building:ad5ef322-25dc-458e-a72e-55a552979ab2","unvisitedExhibitsIds":["Exhibit:c2c823c5-7639-48f6-b997-f94dfe720ff2"],"visitorName":"Jeremy Taylor","time":0.0,"timeGoal":11.0,"currentExhibitId":"Exhibit:c2c823c5-7639-48f6-b997-f94dfe720ff2","hunger":26.45324,"thirst":22.490097,"energy":33.8288879,"restroomNeeds":46.9796829,"happiness":52.1023674,"trash":61.95314,"trashDetriment":0.103574105,"action":1,"isFleeing":false},{"_id":"Visitor:5f3add7e-7c85-4d36-b9f8-b90abe569a3b","position":{"x":34.88275,"y":4.521103,"z":55.705265},"selectedPrefabId":26740,"rotation":{"x":0.0,"y":0.112122536,"z":0.0,"w":-0.9936944},"atDestination":false,"arrived":true,"destination":{"x":34.8382378,"y":4.5,"z":55.9},"destinationVisitableId":"Building:2d4ad281-0ffc-4505-9d68-c5bec89d87ee","unvisitedExhibitsIds":["Exhibit:d1bfe54a-106b-4885-a231-5c880156c4e6","Exhibit:c2c823c5-7639-48f6-b997-f94dfe720ff2"],"visitorName":"Aaron Morales","time":3.69326758,"timeGoal":13.0,"currentExhibitId":"","hunger":62.2633743,"thirst":0.0,"energy":63.3196259,"restroomNeeds":72.4959259,"happiness":59.72867,"trash":23.7380733,"trashDetriment":1.25624251,"action":0,"isFleeing":false},{"_id":"Visitor:0a791c73-5905-4ff4-92a6-ab221135a0d5","position":{"x":36.93143,"y":4.521103,"z":48.0911},"selectedPrefabId":26740,"rotation":{"x":0.0,"y":-0.420956254,"z":0.0,"w":0.907080948},"atDestination":false,"arrived":false,"destination":{"x":36.44531,"y":4.5,"z":55.9},"destinationVisitableId":"Building:2d4ad281-0ffc-4505-9d68-c5bec89d87ee","unvisitedExhibitsIds":[],"visitorName":"Sandra Williams","time":0.0,"timeGoal":13.0,"currentExhibitId":"Exhibit:c2c823c5-7639-48f6-b997-f94dfe720ff2","hunger":50.2772522,"thirst":36.39081,"energy":47.7594,"restroomNeeds":50.58127,"happiness":57.763237,"trash":59.4199829,"trashDetriment":0.117500067,"action":1,"isFleeing":false},{"_id":"Visitor:774ee51e-0543-4e50-a7ff-e71bbf18a3b7","position":{"x":36.8791,"y":4.521103,"z":52.622963},"selectedPrefabId":26740,"rotation":{"x":0.0,"y":0.9999625,"z":0.0,"w":0.008661265},"atDestination":false,"arrived":false,"destination":{"x":38.3087234,"y":4.5,"z":44.1},"destinationVisitableId":"Building:ad5ef322-25dc-458e-a72e-55a552979ab2","unvisitedExhibitsIds":["Exhibit:d1bfe54a-106b-4885-a231-5c880156c4e6","Exhibit:c2c823c5-7639-48f6-b997-f94dfe720ff2"],"visitorName":"James Collins","time":0.0,"timeGoal":13.0,"currentExhibitId":"","hunger":55.14801,"thirst":31.7660828,"energy":48.248558,"restroomNeeds":97.62956,"happiness":60.0,"trash":49.563446,"trashDetriment":0.06136854,"action":4,"isFleeing":false},{"_id":"Visitor:e7580a25-1d6a-4f4b-ba54-aa94058bb2dc","position":{"x":37.8714,"y":4.521103,"z":46.07777},"selectedPrefabId":26740,"rotation":{"x":0.0,"y":0.8710529,"z":0.0,"w":0.4911893},"atDestination":false,"arrived":true,"destination":{"x":38.0,"y":4.5,"z":46.0},"destinationVisitableId":"Bench:587967f3-6bd2-470a-9a0d-aff7880ea5b8","unvisitedExhibitsIds":["Exhibit:d1bfe54a-106b-4885-a231-5c880156c4e6","Exhibit:c2c823c5-7639-48f6-b997-f94dfe720ff2"],"visitorName":"Daniel Ross","time":1.27375793,"timeGoal":13.0,"currentExhibitId":"","hunger":57.71036,"thirst":61.56143,"energy":99.52228,"restroomNeeds":68.48938,"happiness":59.0,"trash":73.0087,"trashDetriment":0.0901158452,"action":2,"isFleeing":false},{"_id":"Visitor:9d97fcf3-fa95-48ee-848d-e6464c369e24","position":{"x":37.8199768,"y":4.521103,"z":54.24323},"selectedPrefabId":26740,"rotation":{"x":0.0,"y":0.5978112,"z":0.0,"w":0.801637},"atDestination":false,"arrived":false,"destination":{"x":38.8650932,"y":4.5,"z":54.4719162},"destinationVisitableId":"Exhibit:c2c823c5-7639-48f6-b997-f94dfe720ff2","unvisitedExhibitsIds":["Exhibit:d1bfe54a-106b-4885-a231-5c880156c4e6"],"visitorName":"Joseph Nelson","time":0.0,"timeGoal":13.0,"currentExhibitId":"","hunger":55.5727272,"thirst":68.80909,"energy":50.2013474,"restroomNeeds":48.58627,"happiness":72.0,"trash":69.15363,"trashDetriment":0.07694377,"action":4,"isFleeing":false},{"_id":"Visitor:b64fd5db-4221-4930-a31e-0706ab89a611","position":{"x":35.0758553,"y":4.521103,"z":55.7214165},"selectedPrefabId":26740,"rotation":{"x":0.0,"y":0.183284014,"z":0.0,"w":0.983060062},"atDestination":false,"arrived":true,"destination":{"x":35.1448479,"y":4.5,"z":55.9},"destinationVisitableId":"Building:2d4ad281-0ffc-4505-9d68-c5bec89d87ee","unvisitedExhibitsIds":["Exhibit:d1bfe54a-106b-4885-a231-5c880156c4e6","Exhibit:c2c823c5-7639-48f6-b997-f94dfe720ff2"],"visitorName":"Ronald Edwards","time":0.9836255,"timeGoal":11.0,"currentExhibitId":"","hunger":71.79786,"thirst":46.43752,"energy":84.73638,"restroomNeeds":70.6267853,"happiness":80.0,"trash":64.6975,"trashDetriment":0.7764533,"action":0,"isFleeing":false}],"timeTillSpawn":35.5764046,"animalBonus":1.0532,"animalBonuses":[{"animal":"Raccoon","bonus":7.999999E-05},{"animal":"Grey Wolf","bonus":0.00056}]}