{"money":16858.0,"xp":901,"xpGoal":1020,"xpLevel":1,"currentEntranceFee":20.0,"allTimeVisitorCount":13,"allTimeMoneyEarned":773.0,"latestVisitorHappinesses":[49.5,57.5,41.5,64.30426,46.78391,71.88417],"reputation":50.0}