{"animalList":[{"_id":"Animal:f6cafc65-7b14-408a-84c6-19f7748e7f15","position":{"x":42.46821,"y":3.0,"z":57.3840637},"rotation":{"x":0.0,"y":0.297676951,"z":0.0,"w":0.954666734},"localScale":{"x":1.0,"y":1.0,"z":1.0},"selectedPrefabId":25746,"tag":"Placed","placeablePrice":800,"placeableName":"Fox","exhibitId":"Exhibit:6ad2532f-6665-4725-ad21-ef93a5555bc2","hunger":65.93942,"thirst":85.2758942,"restroomNeeds":55.6073456,"happiness":65.0,"health":88.0,"prevDay":638396640000000000,"isSick":false,"age":1.0,"birthDate":638396640000000000,"isMale":true,"isPregnant":false,"dayOfConception":0,"fertility":52}]}