{"animalvisitableList":[{"$type":"WaterTrough+WaterTroughData, Assembly-CSharp","_id":"WaterTrough:d0b4548b-0b5d-4276-8704-0b959789ebae","placeablePrice":300,"tag":"Placed","water":448.0535,"exhibitId":"Exhibit:d4f338ab-7966-4e63-9b7c-d54aca6913f7","position":{"x":40.5673065,"y":3.28499985,"z":57.5230942},"selectedPrefabId":30244,"rotation":{"x":0.0,"y":0.7071068,"z":0.0,"w":-0.7071068}},{"$type":"AnimalFood+AnimalFoodData, Assembly-CSharp","_id":"AnimalFood:bb8875b8-a822-4ccb-9ebd-e37b16764b97","tag":"Placed","food":184.050491,"exhibitId":"Exhibit:d4f338ab-7966-4e63-9b7c-d54aca6913f7","position":{"x":40.11458,"y":3.005804,"z":56.0398674},"selectedPrefabId":31192,"rotation":{"x":-0.02224593,"y":0.02224593,"z":0.7067568,"w":0.7067568}}]}