{"animalList":[{"_id":"Animal:18da7c9c-8961-4503-90fa-ac4c32569a36","position":{"x":40.20394,"y":3.0,"z":56.11191},"rotation":{"x":0.0,"y":0.9853573,"z":0.0,"w":0.17050232},"localScale":{"x":1.0,"y":1.0,"z":1.0},"selectedPrefabId":28246,"tag":"Placed","placeablePrice":800,"placeableName":"Fox","exhibitId":"Exhibit:d4f338ab-7966-4e63-9b7c-d54aca6913f7","hunger":100.0,"thirst":95.3920746,"restroomNeeds":56.21879,"happiness":83.67003,"health":99.0,"prevDay":638398368000000000,"isSick":false,"age":1.0,"birthDate":638397504000000000,"isMale":true,"isPregnant":false,"dayOfConception":0,"fertility":78}]}