{"benchList":[{"_id":"Bench:395360da-9b68-4000-92e5-f71078bc8245","position":{"x":41.5,"y":3.22000027,"z":52.5},"rotation":{"x":-2.77555756E-17,"y":1.36068934E-12,"z":1.81901438E-11,"w":1.0},"selectedPrefabId":30392,"tag":"Placed","placeablePrice":350,"reachable":true,"capacity":4,"visitorsIds":[]},{"_id":"Bench:7e97fe4e-07df-4551-aff9-d8e3cc54bcd5","position":{"x":41.5,"y":3.22000027,"z":51.5},"rotation":{"x":-2.77555756E-17,"y":1.36068934E-12,"z":1.81901438E-11,"w":1.0},"selectedPrefabId":30392,"tag":"Placed","placeablePrice":350,"reachable":true,"capacity":2,"visitorsIds":["Visitor:5b6259de-6c1c-4f26-b00a-a2c1070d1382","Visitor:64f53d8f-181a-4ca9-a76b-b4d3695be252"]},{"_id":"Bench:bad5a5b3-4b15-455c-baa4-f2345ef5c9c3","position":{"x":41.5,"y":3.22000027,"z":50.5},"rotation":{"x":-2.77555756E-17,"y":1.36068934E-12,"z":1.81901438E-11,"w":1.0},"selectedPrefabId":30392,"tag":"Placed","placeablePrice":350,"reachable":true,"capacity":4,"visitorsIds":[]},{"_id":"Bench:ac670d06-6d9a-48a9-8be1-11a902141bdd","position":{"x":40.5,"y":3.23449039,"z":54.5},"rotation":{"x":1.693843E-08,"y":-0.7071063,"z":-1.28871761E-07,"w":0.707107365},"selectedPrefabId":30386,"tag":"Placed","placeablePrice":200,"reachable":true,"capacity":2,"visitorsIds":[]}]}