{"animalList":[{"_id":"Animal:16b1b792-9a89-4d4f-b253-21d44d0dfddd","position":{"x":42.519203186035159,"y":3.0,"z":56.418312072753909},"rotation":{"x":0.0,"y":-0.9496393799781799,"z":0.0,"w":-0.31334516406059267},"localScale":{"x":1.0,"y":1.0,"z":1.0},"selectedPrefabId":27878,"tag":"Placed","placeablePrice":800,"placeableName":"Fox","exhibitId":"Exhibit:7861dc82-7cba-4750-99c6-d7f093e7f296","hunger":83.44046020507813,"thirst":74.43566131591797,"restroomNeeds":62.025413513183597,"happiness":87.68826293945313,"health":79.0,"prevDay":638397504000000000,"isSick":false,"age":1.0,"birthDate":638396640000000000,"isMale":true,"isPregnant":false,"dayOfConception":0,"fertility":97}]}