{"buildingList":[{"_id":"Building:1af2c3ea-0240-4382-8232-211400c343a6","position":{"x":43.5,"y":3.5,"z":50.5},"rotation":{"x":0.0,"y":0.7071068286895752,"z":0.0,"w":0.7071068286895752},"selectedPrefabId":28202,"tag":"Placed","placeablePrice":1500,"reachable":true,"capacity":9,"visitorsIds":["Visitor:f7859683-784d-40f5-8671-8f215432273e"],"itemsBought":0}]}