{"currentDate":638397504000000000,"timeOfDay":4.52046061,"lightsOn":true,"totalSeconds":31.64314}