{"currentDate":638396640000000000,"timeOfDay":0.599332452,"lightsOn":true,"totalSeconds":4.19532871}