{"animalList":[{"_id":"Animal:4404ebf3-c10b-45d6-b654-11becfcd13a0","position":{"x":41.6027527,"y":3.0,"z":56.7282181},"rotation":{"x":0.0,"y":0.988950968,"z":0.0,"w":-0.148243025},"localScale":{"x":1.0,"y":1.0,"z":1.0},"selectedPrefabId":28246,"tag":"Placed","placeablePrice":800,"placeableName":"Fox","exhibitId":"Exhibit:672e9cca-54d0-4cb5-9658-5c2dbd13fee1","hunger":80.43894,"thirst":77.09694,"restroomNeeds":61.6774864,"happiness":97.5086441,"health":99.0,"prevDay":638396640000000000,"isSick":false,"age":1.0,"birthDate":638396640000000000,"isMale":true,"isPregnant":false,"dayOfConception":0,"fertility":63}]}