{"animalList":[{"_id":"Animal:4404ebf3-c10b-45d6-b654-11becfcd13a0","position":{"x":40.9049149,"y":3.0,"z":57.5953255},"rotation":{"x":0.0,"y":-0.07435515,"z":0.0,"w":0.997231841},"localScale":{"x":1.0,"y":1.0,"z":1.0},"selectedPrefabId":28246,"tag":"Placed","placeablePrice":800,"placeableName":"Fox","exhibitId":"Exhibit:672e9cca-54d0-4cb5-9658-5c2dbd13fee1","hunger":70.32671,"thirst":52.5514221,"restroomNeeds":51.80936,"happiness":98.20042,"health":99.0,"prevDay":638397504000000000,"isSick":false,"age":1.0,"birthDate":638396640000000000,"isMale":true,"isPregnant":false,"dayOfConception":0,"fertility":63}]}