{"buildingList":[{"_id":"Building:c1e4b7ed-4c01-4f93-90f1-b9ed51e68267","position":{"x":43.5,"y":3.5,"z":52.5},"rotation":{"x":0.0,"y":0.7071068,"z":0.0,"w":0.7071068},"selectedPrefabId":28576,"tag":"Placed","placeablePrice":1500,"reachable":true,"capacity":7,"visitorsIds":["Visitor:460968b8-1b5e-4e88-a8de-014ddb372a1a","Visitor:bf5fcf09-328e-4d26-bfaa-c7e8431131b6","Visitor:43233c28-a1a1-4984-96c9-d37eaf62ed5b"],"itemsBought":0,"x":1,"z":-2,"startingGridIndex":{"x":11.0,"y":0.0,"z":20.0}}]}