{"buildingList":[{"_id":"Building:c1e4b7ed-4c01-4f93-90f1-b9ed51e68267","position":{"x":43.5,"y":3.5,"z":52.5},"rotation":{"x":0.0,"y":0.7071068,"z":0.0,"w":0.7071068},"selectedPrefabId":28576,"tag":"Placed","placeablePrice":1500,"reachable":true,"capacity":0,"visitorsIds":["Visitor:460968b8-1b5e-4e88-a8de-014ddb372a1a","Visitor:bf5fcf09-328e-4d26-bfaa-c7e8431131b6","Visitor:43233c28-a1a1-4984-96c9-d37eaf62ed5b","Visitor:1e8aa71b-e0c6-4905-b68a-bd83c3348375","Visitor:0a01d9a7-a8c0-47c2-8f27-79f9d31d52e0","Visitor:99fbe518-f981-4bdb-b762-cc40d41ee686","Visitor:34bdfc01-0ca5-408a-a7e5-644c81ec9e43","Visitor:43222881-2a58-464e-a802-94f1d5764101","Visitor:64392352-04e6-44ad-906e-390e59fe8229","Visitor:d9e70d0e-6aca-45ca-bfd6-78a6c031a7a3"],"itemsBought":1,"x":1,"z":-2,"startingGridIndex":{"x":11.0,"y":0.0,"z":20.0}},{"_id":"Building:8d831f7f-7f19-44a4-9c6e-5e3ad795b1db","position":{"x":43.5,"y":3.5,"z":55.5},"rotation":{"x":0.0,"y":0.7071068,"z":0.0,"w":0.7071068},"selectedPrefabId":28580,"tag":"Placed","placeablePrice":500,"reachable":true,"capacity":10,"visitorsIds":[],"itemsBought":1,"x":0,"z":-1,"startingGridIndex":{"x":11.0,"y":0.0,"z":23.0}}]}