{"natureList":[{"_id":"Nature:acf920e5-95f7-46de-9883-a640c5812713","position":{"x":41.5333557,"y":4.3,"z":57.6671829},"selectedPrefabId":28500,"rotation":{"x":0.0,"y":0.0,"z":-5.58793545E-09,"w":1.0},"placeablePrice":60,"tag":"Placed"},{"_id":"Nature:24b57a3c-735c-493c-b1ad-2eaba1cbc445","position":{"x":40.6684341,"y":3.06,"z":57.6801},"selectedPrefabId":28566,"rotation":{"x":0.0,"y":0.0,"z":0.0,"w":1.0},"placeablePrice":50,"tag":"Placed"},{"_id":"Nature:4bfcea68-d5ac-4747-95ba-5cbebfb70a52","position":{"x":41.29853,"y":3.05,"z":56.8560867},"selectedPrefabId":28558,"rotation":{"x":0.0,"y":0.0,"z":0.0,"w":1.0},"placeablePrice":50,"tag":"Placed"},{"_id":"Nature:2d1b1efd-59d7-4b73-9bc1-e468a07d17b9","position":{"x":40.3578453,"y":3.05000019,"z":56.8665657},"selectedPrefabId":28560,"rotation":{"x":0.0,"y":0.0,"z":0.0,"w":1.0},"placeablePrice":50,"tag":"Placed"}]}