{"animalvisitableList":[{"type":"WaterTroughData","position":{"x":41.32587432861328,"y":3.2849998474121095,"z":57.49750518798828},"selectedPrefabId":33914,"rotation":{"x":0.0,"y":0.0,"z":0.0,"w":1.0}}]}