{"animalList":[{"_id":"Animal:99c8216d-da1c-4b4d-b17a-fdbe79474cd7","position":{"x":40.9292145,"y":3.0,"z":58.05282},"rotation":{"x":0.0,"y":0.009495435,"z":0.0,"w":0.999955},"localScale":{"x":1.0,"y":1.0,"z":1.0},"selectedPrefabId":30236,"tag":"Placed","placeablePrice":800,"placeableName":"Red Fox","exhibitId":"Exhibit:f3385a8f-c6de-4b90-8df6-1862699aff79","hunger":50.21147,"thirst":86.82768,"restroomNeeds":55.77614,"happiness":42.86074,"health":92.0,"prevDay":638398368000000000,"isSick":false,"age":1.032258,"birthDate":638397504000000000,"isMale":true,"isPregnant":false,"dayOfConception":0,"fertility":65,"terrainBonusMultiplier":-1.79,"natureBonus":"NaN"}]}