{"currentDate":638398368000000000,"timeOfDay":6.979297,"lightsOn":false,"totalSeconds":48.8550568}