{"visitorList":[{"_id":"Visitor:91f59fd4-d135-4a68-b382-248e0ab257c5","position":{"x":42.6884079,"y":3.021103,"z":56.0984573},"selectedPrefabId":30290,"rotation":{"x":0.0,"y":0.696269631,"z":0.0,"w":0.717780352},"atDestination":false,"arrived":true,"destination":{"x":42.77051,"y":3.0,"z":56.1},"destinationVisitableId":"Building:27f6be8a-6126-4485-9e6f-b7fdaad23774","unvisitedExhibitsIds":[],"visitorName":"Linda Morris","time":12.6677,"timeGoal":13.0,"currentExhibitId":"","hunger":45.64341,"thirst":64.79469,"energy":50.263855,"restroomNeeds":61.991272,"happiness":69.0,"trash":52.1445,"trashDetriment":1.03380919,"action":1,"isFleeing":false},{"_id":"Visitor:3d122901-2c97-4581-b128-94306f4797bd","position":{"x":40.2451,"y":3.021103,"z":55.1959534},"selectedPrefabId":30290,"rotation":{"x":0.0,"y":-0.871332347,"z":0.0,"w":0.4906934},"atDestination":false,"arrived":false,"destination":{"x":32.11239,"y":3.5,"z":52.1562843},"destinationVisitableId":"ZooManager","unvisitedExhibitsIds":[],"visitorName":"Randy Martin","time":0.00735780038,"timeGoal":12.0,"currentExhibitId":"","hunger":59.0568123,"thirst":49.0962563,"energy":49.8854179,"restroomNeeds":64.12639,"happiness":63.0,"trash":65.91148,"trashDetriment":0.136280879,"action":6,"isFleeing":false},{"_id":"Visitor:8ba69de1-5bc7-430d-871a-990e8d99edfc","position":{"x":39.3784332,"y":3.021103,"z":54.7519875},"selectedPrefabId":30290,"rotation":{"x":0.0,"y":0.600464165,"z":0.0,"w":0.7996517},"atDestination":false,"arrived":false,"destination":{"x":40.3088875,"y":3.0,"z":55.1039963},"destinationVisitableId":"Exhibit:f3385a8f-c6de-4b90-8df6-1862699aff79","unvisitedExhibitsIds":[],"visitorName":"Joseph Lee","time":0.010607,"timeGoal":11.0,"currentExhibitId":"","hunger":48.9515381,"thirst":51.1328773,"energy":58.678772,"restroomNeeds":63.5876465,"happiness":57.0,"trash":50.0568733,"trashDetriment":0.149471119,"action":4,"isFleeing":false},{"_id":"Visitor:1053b17c-686e-4ccd-b62c-3e284da04bbe","position":{"x":39.1182251,"y":3.0312233,"z":54.479332},"selectedPrefabId":30290,"rotation":{"x":0.0,"y":0.6351514,"z":0.0,"w":0.7723877},"atDestination":false,"arrived":false,"destination":{"x":40.9,"y":3.0,"z":54.8341255},"destinationVisitableId":"Building:27f6be8a-6126-4485-9e6f-b7fdaad23774","unvisitedExhibitsIds":["Exhibit:f3385a8f-c6de-4b90-8df6-1862699aff79"],"visitorName":"Willie Phillips","time":0.0,"timeGoal":13.0,"currentExhibitId":"","hunger":54.5747948,"thirst":50.2556648,"energy":67.00151,"restroomNeeds":68.36211,"happiness":58.0,"trash":63.96315,"trashDetriment":0.07975873,"action":2,"isFleeing":false},{"_id":"Visitor:8cfeee8d-e3cc-47b8-857c-f270bd8b115b","position":{"x":38.95714,"y":3.04634857,"z":54.6297},"selectedPrefabId":30290,"rotation":{"x":0.0,"y":0.5981956,"z":0.0,"w":0.8013502},"atDestination":false,"arrived":false,"destination":{"x":41.8376,"y":3.0,"z":56.1},"destinationVisitableId":"Building:27f6be8a-6126-4485-9e6f-b7fdaad23774","unvisitedExhibitsIds":["Exhibit:f3385a8f-c6de-4b90-8df6-1862699aff79"],"visitorName":"Ryan Lopez","time":0.0,"timeGoal":11.0,"currentExhibitId":"","hunger":61.247448,"thirst":56.8133163,"energy":64.73486,"restroomNeeds":54.2047043,"happiness":55.0,"trash":54.5548668,"trashDetriment":0.111164786,"action":0,"isFleeing":false}],"timeTillSpawn":5.32658434,"animalBonus":1.03,"animalBonuses":[{"animal":"Red Fox","bonus":0.03}]}