{"animalList":[{"_id":"Animal:46d888c4-a1f1-45ca-9986-2be43b3ec07f","position":{"x":44.76513,"y":3.0,"z":55.3733177},"rotation":{"x":0.0,"y":-0.999493361,"z":0.0,"w":-0.0318301581},"localScale":{"x":1.0,"y":1.0,"z":1.0},"selectedPrefabId":30236,"tag":"Placed","placeablePrice":800,"placeableName":"Red Fox","exhibitId":"Exhibit:d12356a8-56a7-414a-99ee-35316e52c510","hunger":78.18109,"thirst":50.9638062,"restroomNeeds":82.04483,"happiness":53.5832138,"health":77.0,"prevDay":638398368000000000,"isSick":false,"age":1.06451607,"birthDate":638396640000000000,"isMale":true,"isPregnant":false,"dayOfConception":0,"fertility":54,"terrainBonusMultiplier":-0.258333325,"natureBonus":-1.66666663},{"_id":"Animal:a23a9852-f284-4482-8c31-b4027f0673c0","position":{"x":46.6924667,"y":3.0,"z":54.33085},"rotation":{"x":0.0,"y":-0.9726503,"z":0.0,"w":-0.232274488},"localScale":{"x":1.0,"y":1.0,"z":1.0},"selectedPrefabId":30236,"tag":"Placed","placeablePrice":800,"placeableName":"Red Fox","exhibitId":"Exhibit:d12356a8-56a7-414a-99ee-35316e52c510","hunger":86.1553345,"thirst":46.04323,"restroomNeeds":73.29657,"happiness":44.559494,"health":98.0,"prevDay":638398368000000000,"isSick":false,"age":1.06451607,"birthDate":638396640000000000,"isMale":true,"isPregnant":false,"dayOfConception":0,"fertility":84,"terrainBonusMultiplier":-0.258333325,"natureBonus":-1.66666663}]}