{"benchList":[{"_id":"Bench:4fc3e9cc-9913-459d-bdb3-aa4aec239c17","position":{"x":42.5,"y":3.22000027,"z":54.5},"rotation":{"x":-4.16333634E-17,"y":2.26751951E-12,"z":3.27422534E-11,"w":1.0},"selectedPrefabId":30282,"tag":"Placed","placeablePrice":350,"reachable":true,"capacity":4,"visitorsIds":[]}]}