{"currentDate":638398368000000000,"timeOfDay":9.201601,"lightsOn":false,"totalSeconds":64.41113}