{"decorations":[{"_id":"Decoration:2903f8df-330b-4b15-b2ab-6dfff3e58ea5","position":{"x":37.28015,"y":4.239729,"z":54.3067245},"rotation":{"x":1.39925727E-09,"y":1.63709012E-11,"z":-2.79283019E-09,"w":1.0},"selectedPrefabId":30280,"tag":"Placed","placeablePrice":100},{"_id":"Decoration:eb0d8cb3-841a-4ef1-a300-736a54cfe2dc","position":{"x":40.5449524,"y":3.739729,"z":54.11647},"rotation":{"x":1.39925727E-09,"y":1.63709012E-11,"z":-2.79283019E-09,"w":1.0},"selectedPrefabId":30280,"tag":"Placed","placeablePrice":100},{"_id":"Decoration:1cf054b9-2141-4923-8bf2-59bf7caebf7c","position":{"x":44.04145,"y":3.739729,"z":52.9631233},"rotation":{"x":1.39925727E-09,"y":1.63709012E-11,"z":-2.79283019E-09,"w":1.0},"selectedPrefabId":30280,"tag":"Placed","placeablePrice":100}]}