{"visitorList":[{"_id":"Visitor:6911e82b-cba3-42e2-a102-b07249345dbc","position":{"x":43.4000053,"y":3.021103,"z":54.165535},"selectedPrefabId":30290,"rotation":{"x":0.0,"y":0.64316386,"z":-1.401298E-45,"w":0.7657286},"atDestination":false,"arrived":true,"destination":{"x":43.41118,"y":3.0,"z":54.10704},"destinationVisitableId":"Exhibit:d12356a8-56a7-414a-99ee-35316e52c510","unvisitedExhibitsIds":[],"visitorName":"James Kelly","time":10.1639185,"timeGoal":13.0,"currentExhibitId":"Exhibit:d12356a8-56a7-414a-99ee-35316e52c510","hunger":63.57274,"thirst":43.41734,"energy":38.93087,"restroomNeeds":62.6349525,"happiness":47.33745,"trash":50.53598,"trashDetriment":0.078729555,"action":4,"isFleeing":false},{"_id":"Visitor:51a902be-bf1f-4a33-83ce-eda6f0b02245","position":{"x":43.0837479,"y":3.021103,"z":53.9625969},"selectedPrefabId":30290,"rotation":{"x":-4.72992175E-12,"y":-0.670254,"z":-5.237161E-12,"w":-0.7421318},"atDestination":false,"arrived":true,"destination":{"x":43.0809746,"y":3.0,"z":53.902668},"destinationVisitableId":"Exhibit:d12356a8-56a7-414a-99ee-35316e52c510","unvisitedExhibitsIds":[],"visitorName":"Linda Ross","time":8.050963,"timeGoal":12.0,"currentExhibitId":"Exhibit:d12356a8-56a7-414a-99ee-35316e52c510","hunger":62.692,"thirst":50.1323776,"energy":37.73867,"restroomNeeds":46.123497,"happiness":52.2486839,"trash":55.83197,"trashDetriment":0.140181378,"action":4,"isFleeing":false},{"_id":"Visitor:7892ead3-e528-4fd9-83dc-ff1c131f7951","position":{"x":43.0975761,"y":3.021103,"z":56.7549553},"selectedPrefabId":30290,"rotation":{"x":0.0,"y":0.0112375077,"z":0.0,"w":0.9999369},"atDestination":false,"arrived":true,"destination":{"x":43.1,"y":3.0,"z":56.8514977},"destinationVisitableId":"Building:d287be77-5ad0-4706-a8ab-cf612e91d6de","unvisitedExhibitsIds":["Exhibit:d12356a8-56a7-414a-99ee-35316e52c510"],"visitorName":"Joseph King","time":9.29333,"timeGoal":12.0,"currentExhibitId":"","hunger":60.93029,"thirst":42.3139229,"energy":44.6437073,"restroomNeeds":96.47963,"happiness":60.71193,"trash":91.22443,"trashDetriment":0.129898608,"action":3,"isFleeing":false},{"_id":"Visitor:9e7c5be6-5107-4810-a4c2-14a9bcc01fcf","position":{"x":42.9708557,"y":3.021103,"z":53.7578049},"selectedPrefabId":30290,"rotation":{"x":0.0,"y":-0.7883341,"z":0.0,"w":0.615247369},"atDestination":false,"arrived":false,"destination":{"x":32.1278954,"y":3.5,"z":52.3228149},"destinationVisitableId":"ZooManager","unvisitedExhibitsIds":[],"visitorName":"Jonathan Stewart","time":0.0092925,"timeGoal":13.0,"currentExhibitId":"Exhibit:d12356a8-56a7-414a-99ee-35316e52c510","hunger":58.40301,"thirst":52.3020554,"energy":46.2729836,"restroomNeeds":67.15128,"happiness":63.1706734,"trash":70.27041,"trashDetriment":0.09412349,"action":6,"isFleeing":false},{"_id":"Visitor:02bc6ae5-a6d1-4a94-9a09-abc49344d6b8","position":{"x":43.001,"y":3.021103,"z":53.93667},"selectedPrefabId":30290,"rotation":{"x":0.0,"y":0.306804419,"z":0.0,"w":0.95177263},"atDestination":false,"arrived":false,"destination":{"x":43.1,"y":3.0,"z":56.73518},"destinationVisitableId":"Building:d287be77-5ad0-4706-a8ab-cf612e91d6de","unvisitedExhibitsIds":["Exhibit:d12356a8-56a7-414a-99ee-35316e52c510"],"visitorName":"Charles Miller","time":0.0,"timeGoal":12.0,"currentExhibitId":"","hunger":49.82585,"thirst":61.88699,"energy":59.2621765,"restroomNeeds":50.3039856,"happiness":72.0,"trash":57.5508041,"trashDetriment":0.136067674,"action":3,"isFleeing":false},{"_id":"Visitor:2d90c219-e303-4472-8fcc-294e3c7a40d6","position":{"x":43.02377,"y":3.021103,"z":53.8571243},"selectedPrefabId":30290,"rotation":{"x":0.0,"y":0.6835785,"z":0.0,"w":0.729877055},"atDestination":false,"arrived":false,"destination":{"x":43.92308,"y":3.0,"z":54.6311531},"destinationVisitableId":"Exhibit:d12356a8-56a7-414a-99ee-35316e52c510","unvisitedExhibitsIds":[],"visitorName":"Timothy Ortiz","time":0.0,"timeGoal":11.0,"currentExhibitId":"","hunger":62.25226,"thirst":58.345108,"energy":55.3322,"restroomNeeds":55.49714,"happiness":71.0,"trash":71.27309,"trashDetriment":0.09594333,"action":4,"isFleeing":false},{"_id":"Visitor:ec6bdea2-37fa-49a6-ad4e-b23d1f99dd75","position":{"x":33.4843369,"y":3.521103,"z":50.4712334},"selectedPrefabId":30290,"rotation":{"x":0.0,"y":0.473825,"z":0.0,"w":0.880619},"atDestination":false,"arrived":false,"destination":{"x":43.1,"y":3.0,"z":56.87511},"destinationVisitableId":"Building:d287be77-5ad0-4706-a8ab-cf612e91d6de","unvisitedExhibitsIds":["Exhibit:d12356a8-56a7-414a-99ee-35316e52c510"],"visitorName":"Keith Peterson","time":0.0150392,"timeGoal":12.0,"currentExhibitId":"","hunger":59.11075,"thirst":67.39474,"energy":60.4584579,"restroomNeeds":65.58144,"happiness":61.0,"trash":56.61463,"trashDetriment":0.1284546,"action":0,"isFleeing":false},{"_id":"Visitor:487be0f8-a3f4-43ec-a49a-1d76a4caacd6","position":{"x":33.3847771,"y":3.521103,"z":50.50246},"selectedPrefabId":30290,"rotation":{"x":0.0,"y":0.474994153,"z":0.0,"w":0.879988968},"atDestination":false,"arrived":false,"destination":{"x":43.17649,"y":3.0,"z":53.53181},"destinationVisitableId":"Exhibit:d12356a8-56a7-414a-99ee-35316e52c510","unvisitedExhibitsIds":[],"visitorName":"Peter Adams","time":0.0150392,"timeGoal":12.0,"currentExhibitId":"","hunger":51.3955574,"thirst":56.41949,"energy":71.203186,"restroomNeeds":55.6253662,"happiness":55.0,"trash":59.8195267,"trashDetriment":0.0601587445,"action":4,"isFleeing":false},{"_id":"Visitor:a520645b-9026-47ba-ae09-3fe947db1859","position":{"x":33.3304672,"y":3.521103,"z":50.3813057},"selectedPrefabId":30290,"rotation":{"x":0.0,"y":0.43911466,"z":0.0,"w":0.898431063},"atDestination":false,"arrived":false,"destination":{"x":43.1,"y":3.0,"z":56.8667},"destinationVisitableId":"Building:d287be77-5ad0-4706-a8ab-cf612e91d6de","unvisitedExhibitsIds":["Exhibit:d12356a8-56a7-414a-99ee-35316e52c510"],"visitorName":"Aaron Edwards","time":0.0197399,"timeGoal":11.0,"currentExhibitId":"","hunger":69.38882,"thirst":70.53479,"energy":67.236145,"restroomNeeds":73.64127,"happiness":73.0,"trash":53.8354,"trashDetriment":0.05486808,"action":2,"isFleeing":false}],"timeTillSpawn":13.3608513,"animalBonus":1.06,"animalBonuses":[{"animal":"Red Fox","bonus":0.006}]}