{"money":43380.0,"currentEntranceFee":20.0,"allTimeVisitorCount":14,"allTimeMoneyEarned":470.0,"latestVisitorHappinesses":[40.7185822,34.7696,64.53006,59.0919228,82.0],"reputation":75.0}