{"natures":[{"_id":"f6920504-d678-4acb-bfa2-498788af7bfe","position":{"x":39.66041564941406,"y":4.6991987228393559,"z":57.17781448364258},"selectedPrefabId":28566,"rotation":{"x":-1.4901159417490817e-8,"y":5.3783871578616529e-8,"z":4.2986354031882e-8,"w":1.0},"placeablePrice":60,"tag":"Placed"},{"_id":"4c844939-f369-45f7-a51f-f2b99429a43d","position":{"x":41.811622619628909,"y":4.099997520446777,"z":54.655670166015628},"selectedPrefabId":28570,"rotation":{"x":3.725290298461914e-9,"y":0.0,"z":0.0,"w":1.0},"placeablePrice":60,"tag":"Placed"},{"_id":"4eb7b333-6a3a-46ae-9e7f-5f7866b75d5e","position":{"x":43.721092224121097,"y":4.69923210144043,"z":58.539588928222659},"selectedPrefabId":28566,"rotation":{"x":1.4901159417490817e-8,"y":-4.164757783087225e-8,"z":-3.151944554247166e-7,"w":1.0},"placeablePrice":60,"tag":"Placed"},{"_id":"0db29fd7-0dd5-439f-9680-0d2c5a173ce1","position":{"x":46.61341857910156,"y":4.688884258270264,"z":57.317623138427737},"selectedPrefabId":28564,"rotation":{"x":0.0,"y":0.0,"z":0.0,"w":1.0},"placeablePrice":60,"tag":"Placed"}]}