{"animalList":[{"_id":"Animal:76983f73-4c36-4121-ab36-238848535bcf","position":{"x":42.4859924,"y":3.0,"z":56.79377},"rotation":{"x":0.0,"y":-0.8014729,"z":0.0,"w":0.598031044},"localScale":{"x":1.0,"y":1.0,"z":1.0},"selectedPrefabId":28246,"tag":"Placed","placeablePrice":800,"placeableName":"Fox","exhibitId":"Exhibit:aa84c9ea-e6f5-4f91-8ccc-26aef4395487","hunger":71.09482,"thirst":91.12537,"restroomNeeds":75.09207,"happiness":65.0,"health":80.0,"prevDay":638396640000000000,"isSick":false,"age":1.0,"birthDate":638396640000000000,"isMale":true,"isPregnant":false,"dayOfConception":0,"fertility":96}]}