{"staffList":[{"$type":"Zookeeper+ZookeeperData, Assembly-CSharp","_id":"Zookeeper:0931aff5-387b-4b96-95f1-825a48f37281","placeablePrice":500,"tag":"Placed","position":{"x":41.6138268,"y":2.99999976,"z":55.72812},"selectedPrefabId":30228,"rotation":{"x":0.0,"y":-0.556485057,"z":0.0,"w":-0.830857635}}]}