{"animalvisitableList":[{"$type":"WaterTrough+WaterTroughData, Assembly-CSharp","_id":"WaterTrough:ecdc6c3a-78d8-4782-8ecb-5b2203f60654","placeablePrice":300,"tag":"Placed","water":500.0,"exhibitId":"Exhibit:5be15021-3a5a-44aa-a8ec-60c4c617786d","position":{"x":42.5807953,"y":3.28499985,"z":58.3373947},"selectedPrefabId":54990,"rotation":{"x":0.0,"y":0.0,"z":0.0,"w":1.0}},{"$type":"AnimalFood+AnimalFoodData, Assembly-CSharp","_id":"AnimalFood:34012293-51ba-4cea-9640-c7a60c5905f1","tag":"Placed","food":200.0,"exhibitId":"Exhibit:5be15021-3a5a-44aa-a8ec-60c4c617786d","position":{"x":40.1382,"y":3.005804,"z":58.7580643},"selectedPrefabId":50906,"rotation":{"x":-0.02224593,"y":0.02224593,"z":0.7067568,"w":0.7067568}}]}