{"animalList":[{"_id":"Animal:d93df177-4c14-4964-bb78-257249669581","position":{"x":42.28179931640625,"y":3.0,"z":57.97589111328125},"rotation":{"x":0.0,"y":-0.52182537317276,"z":0.0,"w":-0.8530523777008057},"localScale":{"x":1.0,"y":1.0,"z":1.0},"selectedPrefabId":28242,"tag":"Placed","placeablePrice":800,"placeableName":"Fox","exhibitId":"Exhibit:5be15021-3a5a-44aa-a8ec-60c4c617786d","hunger":55.906463623046878,"thirst":72.98397827148438,"restroomNeeds":79.67727661132813,"happiness":53.0,"health":78.0,"prevDay":638397504000000000,"isSick":false,"age":1.0,"birthDate":638396640000000000,"isMale":true,"isPregnant":false,"dayOfConception":0,"fertility":80}]}