{"animalList":[{"_id":"Animal:16e1099a-3a75-4bf3-b29c-05334e7b8227","position":{"x":43.41803741455078,"y":3.0,"z":58.75175094604492},"rotation":{"x":0.0,"y":-0.02439735271036625,"z":0.0,"w":0.9997023940086365},"localScale":{"x":1.0,"y":1.0,"z":1.0},"selectedPrefabId":28426,"tag":"Placed","placeablePrice":800,"placeableName":"Fox","exhibitId":"Exhibit:497d3df1-1018-44a4-a4f6-bb714536c45e","hunger":73.44239807128906,"thirst":75.28450012207031,"restroomNeeds":56.59883117675781,"happiness":60.56048583984375,"health":80.0,"prevDay":638398368000000000,"isSick":false,"age":1.0,"birthDate":638397504000000000,"isMale":true,"isPregnant":false,"dayOfConception":0,"fertility":66}]}