{"animalList":[{"_id":"Animal:d661f2af-487f-47ac-9c2f-76a049b802fc","position":{"x":41.58892,"y":3.0,"z":57.74379},"rotation":{"x":0.0,"y":0.581074655,"z":0.0,"w":0.813850343},"localScale":{"x":1.0,"y":1.0,"z":1.0},"selectedPrefabId":28246,"tag":"Placed","placeablePrice":800,"placeableName":"Fox","exhibitId":"Exhibit:0c8b7be8-aa25-4b5a-bf34-17af47bde42e","hunger":93.5936356,"thirst":93.04932,"restroomNeeds":63.10199,"happiness":92.6037445,"health":66.27991,"prevDay":638400960000000000,"isSick":true,"age":1.0,"birthDate":638396640000000000,"isMale":true,"isPregnant":false,"dayOfConception":0,"fertility":54}]}