{"animalList":[{"_id":"Animal:adc105c9-d5b1-4e78-9dad-97f8240cd92a","position":{"x":40.70410919189453,"y":3.0,"z":58.3258171081543},"rotation":{"x":0.0,"y":0.9047383666038513,"z":0.0,"w":0.4259677529335022},"localScale":{"x":1.0,"y":1.0,"z":1.0},"selectedPrefabId":28438,"tag":"Placed","placeablePrice":800,"placeableName":"Fox","exhibitId":"Exhibit:76b732a1-66d5-462d-988b-b2b761912233","hunger":53.397621154785159,"thirst":55.2464599609375,"restroomNeeds":81.34980773925781,"happiness":90.0,"health":77.0,"prevDay":638396640000000000,"isSick":false,"age":1.0,"birthDate":638396640000000000,"isMale":true,"isPregnant":false,"dayOfConception":0,"fertility":84}]}