{"animalList":[{"_id":"Animal:d661f2af-487f-47ac-9c2f-76a049b802fc","position":{"x":42.12458,"y":3.0,"z":56.4944878},"rotation":{"x":0.0,"y":0.6207416,"z":0.0,"w":-0.784015238},"localScale":{"x":1.0,"y":1.0,"z":1.0},"selectedPrefabId":28246,"tag":"Placed","placeablePrice":800,"placeableName":"Fox","exhibitId":"Exhibit:0c8b7be8-aa25-4b5a-bf34-17af47bde42e","hunger":97.61487,"thirst":83.33191,"restroomNeeds":58.69304,"happiness":92.6037445,"health":46.2105637,"prevDay":638400960000000000,"isSick":true,"age":1.0,"birthDate":638396640000000000,"isMale":true,"isPregnant":false,"dayOfConception":0,"fertility":54}]}