{"animalvisitableList":[{"$type":"WaterTrough+WaterTroughData, Assembly-CSharp","_id":"WaterTrough:958a7022-ff0b-4f09-8d9d-c2b6a06a25da","placeablePrice":300,"tag":"Placed","water":404.6796,"exhibitId":"Exhibit:0c8b7be8-aa25-4b5a-bf34-17af47bde42e","position":{"x":42.6625061,"y":3.28499985,"z":57.4379654},"selectedPrefabId":30244,"rotation":{"x":0.0,"y":0.0,"z":0.0,"w":1.0}},{"$type":"AnimalFood+AnimalFoodData, Assembly-CSharp","_id":"AnimalFood:a3fbbe8a-53eb-4679-9a30-78dd2a1fa2e8","tag":"Placed","food":150.56958,"exhibitId":"Exhibit:0c8b7be8-aa25-4b5a-bf34-17af47bde42e","position":{"x":42.48018,"y":3.005804,"z":56.34296},"selectedPrefabId":31192,"rotation":{"x":-0.02224593,"y":0.02224593,"z":0.7067568,"w":0.7067568}}]}