{"benchList":[{"_id":"Bench:f4e6f963-9d21-47a3-98ec-6c4f3dd0354d","position":{"x":42.5,"y":3.23449039,"z":55.5},"rotation":{"x":-1.65309775E-08,"y":0.7071063,"z":1.14960145E-07,"w":-0.707107365},"selectedPrefabId":30386,"tag":"Placed","placeablePrice":200,"reachable":true,"capacity":2,"visitorsIds":[]},{"_id":"Bench:dd56cd1f-0327-4a0d-90ed-b6159de3e8c9","position":{"x":40.5,"y":3.22000027,"z":51.5},"rotation":{"x":-2.77555756E-17,"y":1.36068934E-12,"z":1.81901438E-11,"w":1.0},"selectedPrefabId":30392,"tag":"Placed","placeablePrice":350,"reachable":true,"capacity":4,"visitorsIds":[]},{"_id":"Bench:71011f0a-ecac-47b1-bb8e-8ae3925dff09","position":{"x":40.5,"y":3.22000027,"z":52.5},"rotation":{"x":-2.77555756E-17,"y":1.36068934E-12,"z":1.81901438E-11,"w":1.0},"selectedPrefabId":30392,"tag":"Placed","placeablePrice":350,"reachable":true,"capacity":4,"visitorsIds":[]}]}