{"decorations":[{"_id":"Decoration:f787c9b4-42e5-4dbe-b11f-55cb02abcaad","position":{"x":37.21845,"y":4.239729,"z":53.97011},"rotation":{"x":0.0,"y":0.0,"z":0.0,"w":1.0},"selectedPrefabId":30380,"tag":"Placed","placeablePrice":100},{"_id":"Decoration:0b97ecd8-47ac-431d-bd82-513fdfe9f78c","position":{"x":40.9300232,"y":3.739729,"z":55.550457},"rotation":{"x":0.0,"y":0.0,"z":0.0,"w":1.0},"selectedPrefabId":30380,"tag":"Placed","placeablePrice":100},{"_id":"Decoration:3a624ce6-dc06-41e0-8073-40c7d3c1c185","position":{"x":41.0358734,"y":3.739729,"z":50.99462},"rotation":{"x":0.0,"y":0.0,"z":0.0,"w":1.0},"selectedPrefabId":30380,"tag":"Placed","placeablePrice":100}]}