{"currentDate":638397504000000000,"timeOfDay":6.768594,"lightsOn":false,"totalSeconds":47.3801727}