{"decorations":[{"_id":"Decoration:18a6870d-4b33-48ab-bfc6-069029c7a834","position":{"x":41.6187057,"y":3.739729,"z":57.82708},"rotation":{"x":1.39925727E-09,"y":1.63709012E-11,"z":-2.79283019E-09,"w":1.0},"selectedPrefabId":25850,"tag":"Placed","placeablePrice":100},{"_id":"Decoration:2173e683-6ad2-4122-b990-b158b65e48c4","position":{"x":49.2074051,"y":3.239729,"z":61.6663132},"rotation":{"x":1.39925727E-09,"y":1.63709012E-11,"z":-2.79283019E-09,"w":1.0},"selectedPrefabId":25850,"tag":"Placed","placeablePrice":100}]}