{"animalList":[{"_id":"Animal:91998be5-2e06-4723-b61c-53e929e9dae9","position":{"x":41.7933273,"y":3.0,"z":57.59299},"rotation":{"x":0.0,"y":-0.556213439,"z":0.0,"w":-0.8310395},"localScale":{"x":1.0,"y":1.0,"z":1.0},"selectedPrefabId":30236,"tag":"Placed","placeablePrice":800,"placeableName":"Red Fox","exhibitId":"Exhibit:afaee102-5158-4be6-b7aa-13e937d6b08e","hunger":37.3307877,"thirst":80.1759949,"restroomNeeds":81.3242645,"happiness":7.88025427,"health":95.0799561,"prevDay":638399232000000000,"isSick":false,"age":1.0967741,"birthDate":638396640000000000,"isMale":true,"isPregnant":false,"dayOfConception":0,"fertility":96,"terrainBonusMultiplier":-1.79,"natureBonus":"NaN"}]}