{"animalvisitableList":[{"$type":"WaterTrough+WaterTroughData, Assembly-CSharp","_id":"WaterTrough:a8dabcf3-d413-4339-afef-840014772bc0","placeablePrice":300,"tag":"Placed","water":454.785828,"exhibitId":"Exhibit:afaee102-5158-4be6-b7aa-13e937d6b08e","position":{"x":42.6961,"y":3.28499985,"z":56.569046},"selectedPrefabId":30278,"rotation":{"x":0.0,"y":0.0,"z":0.0,"w":1.0}},{"$type":"AnimalFood+AnimalFoodData, Assembly-CSharp","_id":"AnimalFood:8e03c9e7-6007-48ee-99d4-426dd1b12d8a","tag":"Placed","food":200.0,"exhibitId":"Exhibit:afaee102-5158-4be6-b7aa-13e937d6b08e","position":{"x":41.3290176,"y":3.005804,"z":56.88572},"selectedPrefabId":9812,"rotation":{"x":-0.02224593,"y":0.02224593,"z":0.7067568,"w":0.7067568}}]}