{"benchList":[{"_id":"Bench:c25f777d-8909-4957-a3fb-c3eaa6eb5fed","position":{"x":40.5,"y":3.23449039,"z":53.5},"rotation":{"x":-1.74622983E-10,"y":2.18278728E-10,"z":2.98024133E-07,"w":1.0},"selectedPrefabId":30284,"tag":"Placed","placeablePrice":200,"reachable":true,"capacity":2,"visitorsIds":[]}]}