{"buildingList":[{"_id":"Building:36cf3ab7-a0c6-4e8d-95e9-fb1c5271702f","position":{"x":41.5,"y":3.5,"z":54.5},"rotation":{"x":4.08375764E-11,"y":0.7071068,"z":7.275958E-12,"w":0.7071068},"selectedPrefabId":30244,"tag":"Placed","placeablePrice":1500,"reachable":true,"capacity":4,"visitorsIds":["Visitor:1368f90c-acd6-457f-88a5-fcd519598637","Visitor:86db389c-491a-43d3-95f9-88495dc0cc8b","Visitor:87e4ae8b-665a-4a06-829e-feaa2d00314e","Visitor:82f2b7d1-8e2d-465a-93ea-626ebbfafdca","Visitor:48090a68-9a6b-4caf-a90c-c6ebd3fe97e0","Visitor:1ee3dfe7-6b80-479e-bb69-0447996575cb"],"itemsBought":0,"x":1,"z":-2,"startingGridIndex":{"x":9.0,"y":0.0,"z":22.0},"purchasableItemInstancesData":[{"itemName":"Burger","currentPrice":15.0},{"itemName":"Fries","currentPrice":10.0},{"itemName":"Water","currentPrice":5.0}]}]}