{"decorations":[{"_id":"Decoration:4efc6e8e-29fc-4cf8-bb60-410a87c49a85","position":{"x":37.18412,"y":4.239729,"z":55.33728},"rotation":{"x":6.99856E-10,"y":9.094945E-12,"z":-1.39630141E-09,"w":1.0},"selectedPrefabId":30280,"tag":"Placed","placeablePrice":100}]}