{"natureList":[{"_id":"Nature:bf7a6c1b-7272-4d27-a1f5-20b739509ba5","position":{"x":41.65314,"y":4.44,"z":59.3904266},"selectedPrefabId":30170,"rotation":{"x":0.0,"y":0.0,"z":0.0,"w":1.0},"placeablePrice":60,"tag":"Placed"},{"_id":"Nature:20c78661-8e2c-4594-9b18-6609d69d081d","position":{"x":44.9432526,"y":3.425,"z":57.633194},"selectedPrefabId":30194,"rotation":{"x":0.0,"y":0.0,"z":9.313227E-10,"w":1.0},"placeablePrice":100,"tag":"Placed"},{"_id":"Nature:d159b200-65c3-4496-9e68-0267e1fc9710","position":{"x":36.0682678,"y":3.5591526,"z":66.03299},"selectedPrefabId":30196,"rotation":{"x":0.0,"y":0.0,"z":0.0,"w":1.0},"placeablePrice":100,"tag":"Placed"}]}