{"visitorList":[{"_id":"Visitor:87e4ae8b-665a-4a06-829e-feaa2d00314e","position":{"x":40.8864365,"y":3.021103,"z":54.7840576},"selectedPrefabId":30290,"rotation":{"x":0.0,"y":0.97801125,"z":0.0,"w":0.208552137},"atDestination":false,"arrived":true,"destination":{"x":40.9,"y":3.0,"z":54.6853943},"destinationVisitableId":"Building:36cf3ab7-a0c6-4e8d-95e9-fb1c5271702f","unvisitedExhibitsIds":[],"visitorName":"Christopher Ortiz","time":2.95739412,"timeGoal":12.0,"currentExhibitId":"Exhibit:afaee102-5158-4be6-b7aa-13e937d6b08e","hunger":48.4602127,"thirst":48.18343,"energy":43.5965233,"restroomNeeds":52.69303,"happiness":51.7993622,"trash":60.1516953,"trashDetriment":0.116616353,"action":0,"isFleeing":false},{"_id":"Visitor:86db389c-491a-43d3-95f9-88495dc0cc8b","position":{"x":40.8375778,"y":3.021103,"z":54.9677963},"selectedPrefabId":30290,"rotation":{"x":0.0,"y":0.4553867,"z":0.0,"w":0.8902938},"atDestination":false,"arrived":true,"destination":{"x":40.9,"y":3.0,"z":54.8901672},"destinationVisitableId":"Building:36cf3ab7-a0c6-4e8d-95e9-fb1c5271702f","unvisitedExhibitsIds":[],"visitorName":"Bruce Morgan","time":4.20432,"timeGoal":12.0,"currentExhibitId":"Exhibit:afaee102-5158-4be6-b7aa-13e937d6b08e","hunger":50.2531624,"thirst":35.908844,"energy":41.80127,"restroomNeeds":99.57497,"happiness":61.8598824,"trash":52.4359741,"trashDetriment":0.07769945,"action":3,"isFleeing":false},{"_id":"Visitor:82f2b7d1-8e2d-465a-93ea-626ebbfafdca","position":{"x":40.89913,"y":3.021103,"z":54.4478264},"selectedPrefabId":30290,"rotation":{"x":0.0,"y":0.995919943,"z":0.0,"w":0.0902412459},"atDestination":false,"arrived":true,"destination":{"x":40.9,"y":3.0,"z":54.3511963},"destinationVisitableId":"Building:36cf3ab7-a0c6-4e8d-95e9-fb1c5271702f","unvisitedExhibitsIds":[],"visitorName":"Joseph Flores","time":1.24511969,"timeGoal":11.0,"currentExhibitId":"Exhibit:afaee102-5158-4be6-b7aa-13e937d6b08e","hunger":47.0204964,"thirst":35.35989,"energy":52.8267365,"restroomNeeds":47.19311,"happiness":48.7993622,"trash":64.44274,"trashDetriment":0.107798316,"action":0,"isFleeing":false},{"_id":"Visitor:65ff1fa2-81db-4e07-921d-a3d2a1567f42","position":{"x":40.7098045,"y":3.021103,"z":55.5806046},"selectedPrefabId":30290,"rotation":{"x":1.71023417E-12,"y":0.244393036,"z":6.78567E-12,"w":0.9696763},"atDestination":false,"arrived":true,"destination":{"x":40.7464371,"y":3.0,"z":55.62355},"destinationVisitableId":"Exhibit:afaee102-5158-4be6-b7aa-13e937d6b08e","unvisitedExhibitsIds":[],"visitorName":"Sean Alvarez","time":3.75272369,"timeGoal":13.0,"currentExhibitId":"Exhibit:afaee102-5158-4be6-b7aa-13e937d6b08e","hunger":53.2983437,"thirst":60.58886,"energy":62.1674652,"restroomNeeds":67.40386,"happiness":62.43625,"trash":61.7710457,"trashDetriment":0.117312908,"action":4,"isFleeing":false},{"_id":"Visitor:b354f248-e4c8-453a-8c8c-7ae597beefee","position":{"x":40.678196,"y":3.021103,"z":54.35946},"selectedPrefabId":30290,"rotation":{"x":-2.01746551E-13,"y":0.165234908,"z":-1.20421652E-12,"w":0.9862542},"atDestination":false,"arrived":true,"destination":{"x":40.738224,"y":3.0,"z":54.3645},"destinationVisitableId":"Exhibit:afaee102-5158-4be6-b7aa-13e937d6b08e","unvisitedExhibitsIds":[],"visitorName":"Roy Perez","time":4.269158,"timeGoal":11.0,"currentExhibitId":"Exhibit:afaee102-5158-4be6-b7aa-13e937d6b08e","hunger":63.1443253,"thirst":52.73215,"energy":58.5481644,"restroomNeeds":50.8234444,"happiness":68.43625,"trash":55.5503464,"trashDetriment":0.128929377,"action":4,"isFleeing":false},{"_id":"Visitor:1368f90c-acd6-457f-88a5-fcd519598637","position":{"x":40.80187,"y":3.021103,"z":54.6880569},"selectedPrefabId":30290,"rotation":{"x":0.0,"y":0.6590149,"z":0.0,"w":0.75213},"atDestination":false,"arrived":true,"destination":{"x":40.9,"y":3.0,"z":54.7010574},"destinationVisitableId":"Building:36cf3ab7-a0c6-4e8d-95e9-fb1c5271702f","unvisitedExhibitsIds":["Exhibit:afaee102-5158-4be6-b7aa-13e937d6b08e"],"visitorName":"Arthur James","time":4.16934347,"timeGoal":11.0,"currentExhibitId":"","hunger":52.6032677,"thirst":45.2105865,"energy":57.6547,"restroomNeeds":99.7449,"happiness":67.0,"trash":60.8965034,"trashDetriment":0.058079496,"action":3,"isFleeing":false},{"_id":"Visitor:48090a68-9a6b-4caf-a90c-c6ebd3fe97e0","position":{"x":33.5501022,"y":3.521103,"z":50.6361847},"selectedPrefabId":30290,"rotation":{"x":0.0,"y":0.3992424,"z":0.0,"w":0.916845441},"atDestination":false,"arrived":false,"destination":{"x":40.9,"y":3.0,"z":54.1039772},"destinationVisitableId":"Building:36cf3ab7-a0c6-4e8d-95e9-fb1c5271702f","unvisitedExhibitsIds":["Exhibit:afaee102-5158-4be6-b7aa-13e937d6b08e"],"visitorName":"Gregory Thompson","time":0.0137877,"timeGoal":11.0,"currentExhibitId":"","hunger":55.2716522,"thirst":61.4505844,"energy":51.770813,"restroomNeeds":66.6646652,"happiness":64.0,"trash":66.55311,"trashDetriment":0.148967728,"action":3,"isFleeing":false},{"_id":"Visitor:1ee3dfe7-6b80-479e-bb69-0447996575cb","position":{"x":33.4688072,"y":3.521103,"z":50.701683},"selectedPrefabId":30290,"rotation":{"x":0.0,"y":0.3959238,"z":0.0,"w":0.9182834},"atDestination":false,"arrived":false,"destination":{"x":40.9,"y":3.0,"z":54.4029579},"destinationVisitableId":"Building:36cf3ab7-a0c6-4e8d-95e9-fb1c5271702f","unvisitedExhibitsIds":["Exhibit:afaee102-5158-4be6-b7aa-13e937d6b08e"],"visitorName":"Timothy Campbell","time":0.0137877,"timeGoal":12.0,"currentExhibitId":"","hunger":53.36135,"thirst":66.52195,"energy":57.5269852,"restroomNeeds":57.7672157,"happiness":74.0,"trash":56.7125931,"trashDetriment":0.095801875,"action":1,"isFleeing":false}],"timeTillSpawn":10.7749081,"animalBonus":1.03,"animalBonuses":[{"animal":"Red Fox","bonus":0.03}]}