{"animalList":[{"_id":"Animal:7cbb2c32-5e2f-4d99-a268-2426a3cce6a9","position":{"x":42.0647964,"y":3.0,"z":61.8959656},"rotation":{"x":0.0,"y":0.9328056,"z":0.0,"w":0.360379934},"localScale":{"x":1.0,"y":1.0,"z":1.0},"selectedPrefabId":30236,"tag":"Placed","placeablePrice":800,"placeableName":"Red Fox","exhibitId":"Exhibit:62ee5197-f2de-412e-8caa-cdfd13f51f7c","hunger":44.8134079,"thirst":40.840126,"restroomNeeds":34.1801224,"happiness":0.0,"health":70.27818,"prevDay":638409600000000000,"isSick":false,"age":1.0967741,"birthDate":638407008000000000,"isMale":true,"isPregnant":false,"dayOfConception":0,"fertility":68,"terrainBonusMultiplier":-0.674999952,"natureBonus":-2.0}]}