{"currentDate":638409600000000000,"timeOfDay":4.33056736,"lightsOn":true,"totalSeconds":366.308258}