{"decorations":[{"_id":"Decoration:e14d486f-25fa-45cb-95f5-32af6fe673a8","position":{"x":37.35057,"y":4.239729,"z":55.1626358},"rotation":{"x":6.99856E-10,"y":9.094945E-12,"z":-1.39630141E-09,"w":1.0},"selectedPrefabId":30280,"tag":"Placed","placeablePrice":100},{"_id":"Decoration:bfee3a5c-3c4e-4a80-91e3-a95c0c2a7b6b","position":{"x":40.53662,"y":3.739729,"z":55.17083},"rotation":{"x":6.99856E-10,"y":9.094945E-12,"z":-1.39630141E-09,"w":1.0},"selectedPrefabId":30280,"tag":"Placed","placeablePrice":100},{"_id":"Decoration:9167612c-e71c-4f6d-965c-fdacd0e71218","position":{"x":43.8293,"y":3.739729,"z":55.11682},"rotation":{"x":6.99856E-10,"y":9.094945E-12,"z":-1.39630141E-09,"w":1.0},"selectedPrefabId":30280,"tag":"Placed","placeablePrice":100}]}