{"visitorList":[{"_id":"Visitor:da84c41e-2916-4b2b-9d3d-21c55dd6492e","position":{"x":45.1001,"y":3.021103,"z":58.1607857},"selectedPrefabId":30290,"rotation":{"x":0.0,"y":-0.07070722,"z":0.0,"w":0.997497141},"atDestination":false,"arrived":true,"destination":{"x":45.1,"y":3.0,"z":58.2600555},"destinationVisitableId":"Building:5c5a5134-0fd1-4027-af13-a19e267537e9","unvisitedExhibitsIds":[],"visitorName":"Jerry Martinez","time":9.611691,"timeGoal":13.0,"currentExhibitId":"","hunger":59.84605,"thirst":20.5673981,"energy":63.28562,"restroomNeeds":59.881237,"happiness":39.641098,"trash":39.2744446,"trashDetriment":1.0991683,"action":1,"isFleeing":false},{"_id":"Visitor:9c7b2207-2264-4030-9a90-d500682be5ec","position":{"x":45.0999565,"y":3.021103,"z":58.353672},"selectedPrefabId":30290,"rotation":{"x":0.0,"y":0.4897902,"z":0.0,"w":0.871840358},"atDestination":false,"arrived":true,"destination":{"x":45.1,"y":3.0,"z":58.25642},"destinationVisitableId":"Building:5c5a5134-0fd1-4027-af13-a19e267537e9","unvisitedExhibitsIds":[],"visitorName":"Jeffrey Chavez","time":1.71297276,"timeGoal":12.0,"currentExhibitId":"","hunger":44.51989,"thirst":56.6326523,"energy":55.4292068,"restroomNeeds":31.829277,"happiness":33.1833839,"trash":19.99287,"trashDetriment":0.9507446,"action":0,"isFleeing":false},{"_id":"Visitor:85173d90-9834-485c-93b4-a2cdde8b30ed","position":{"x":45.08198,"y":3.021103,"z":56.39808},"selectedPrefabId":30290,"rotation":{"x":0.0,"y":0.999976754,"z":0.0,"w":0.00682503125},"atDestination":false,"arrived":false,"destination":{"x":32.1718445,"y":3.5,"z":52.696537},"destinationVisitableId":"ZooManager","unvisitedExhibitsIds":[],"visitorName":"Juan Murphy","time":0.0126624,"timeGoal":12.0,"currentExhibitId":"","hunger":44.0154724,"thirst":29.92042,"energy":46.5718765,"restroomNeeds":98.80595,"happiness":20.2677879,"trash":49.34552,"trashDetriment":0.147202715,"action":6,"isFleeing":false},{"_id":"Visitor:fb208f4d-c1c3-47c6-9b37-a552aef5aed3","position":{"x":45.05833,"y":3.021103,"z":55.0675},"selectedPrefabId":30290,"rotation":{"x":0.0,"y":-0.999999,"z":0.0,"w":0.00141787},"atDestination":false,"arrived":false,"destination":{"x":32.1543,"y":3.5,"z":52.3892555},"destinationVisitableId":"ZooManager","unvisitedExhibitsIds":[],"visitorName":"Harold Walker","time":0.013325,"timeGoal":11.0,"currentExhibitId":"","hunger":47.6219635,"thirst":35.90648,"energy":31.10865,"restroomNeeds":95.96402,"happiness":25.1499481,"trash":50.3239136,"trashDetriment":0.07069496,"action":6,"isFleeing":false},{"_id":"Visitor:b5c393ae-64a1-4c25-9e1a-d3b0d4334011","position":{"x":36.93975,"y":3.521103,"z":53.0422745},"selectedPrefabId":30290,"rotation":{"x":0.0,"y":0.7521162,"z":0.0,"w":-0.659030557},"atDestination":false,"arrived":false,"destination":{"x":32.1357841,"y":3.5,"z":52.0439072},"destinationVisitableId":"ZooManager","unvisitedExhibitsIds":[],"visitorName":"Richard Perez","time":0.0098976,"timeGoal":11.0,"currentExhibitId":"","hunger":63.1359863,"thirst":38.0379333,"energy":38.59373,"restroomNeeds":96.31372,"happiness":27.0,"trash":60.322113,"trashDetriment":0.147651762,"action":6,"isFleeing":false},{"_id":"Visitor:1ff4414f-5ee6-4f16-b1b4-d5eeacf824d4","position":{"x":36.0791626,"y":3.521103,"z":52.87808},"selectedPrefabId":30290,"rotation":{"x":0.0,"y":0.7686012,"z":0.0,"w":-0.639728248},"atDestination":false,"arrived":false,"destination":{"x":32.1049957,"y":3.5,"z":52.1148453},"destinationVisitableId":"ZooManager","unvisitedExhibitsIds":[],"visitorName":"Andrew Foster","time":0.00987499952,"timeGoal":11.0,"currentExhibitId":"","hunger":37.6531067,"thirst":30.9575443,"energy":49.0257,"restroomNeeds":59.0973358,"happiness":35.62871,"trash":63.8796768,"trashDetriment":0.117695749,"action":6,"isFleeing":false},{"_id":"Visitor:e60c1e58-1d28-4bdb-bc85-94e4f917bad9","position":{"x":45.0999031,"y":3.021103,"z":57.5763474},"selectedPrefabId":30290,"rotation":{"x":0.0,"y":-0.09368079,"z":0.0,"w":0.995602369},"atDestination":false,"arrived":true,"destination":{"x":45.1,"y":3.0,"z":57.4793129},"destinationVisitableId":"Building:5c5a5134-0fd1-4027-af13-a19e267537e9","unvisitedExhibitsIds":[],"visitorName":"Harold Rodriguez","time":6.63745,"timeGoal":13.0,"currentExhibitId":"","hunger":43.7306137,"thirst":30.6606846,"energy":45.88441,"restroomNeeds":98.02768,"happiness":38.91611,"trash":65.5647,"trashDetriment":0.149657384,"action":1,"isFleeing":false},{"_id":"Visitor:f167edfc-9013-4339-9b83-6a05cba1409c","position":{"x":45.09908,"y":3.021103,"z":57.7187767},"selectedPrefabId":30290,"rotation":{"x":0.0,"y":0.00476821139,"z":0.0,"w":0.9999887},"atDestination":false,"arrived":true,"destination":{"x":45.1,"y":3.0,"z":57.78852},"destinationVisitableId":"Building:5c5a5134-0fd1-4027-af13-a19e267537e9","unvisitedExhibitsIds":[],"visitorName":"Anthony Ortiz","time":7.95101929,"timeGoal":12.0,"currentExhibitId":"","hunger":64.56494,"thirst":20.0232468,"energy":68.2039948,"restroomNeeds":54.26665,"happiness":68.7202759,"trash":59.07215,"trashDetriment":1.01707339,"action":0,"isFleeing":false},{"_id":"Visitor:8465640f-1a3f-4b33-a5d6-454c7a82ee77","position":{"x":45.1072426,"y":3.021103,"z":58.6603928},"selectedPrefabId":30290,"rotation":{"x":0.0,"y":-0.01499361,"z":0.0,"w":0.999887645},"atDestination":false,"arrived":true,"destination":{"x":45.1,"y":3.0,"z":58.75668},"destinationVisitableId":"Building:5c5a5134-0fd1-4027-af13-a19e267537e9","unvisitedExhibitsIds":[],"visitorName":"Bobby Davis","time":3.17185545,"timeGoal":12.0,"currentExhibitId":"","hunger":61.8040466,"thirst":47.95594,"energy":38.0807877,"restroomNeeds":99.75336,"happiness":61.0,"trash":53.33634,"trashDetriment":0.09185163,"action":3,"isFleeing":false},{"_id":"Visitor:640ae902-1922-4851-87db-8aee97e4b21e","position":{"x":45.09903,"y":3.021103,"z":57.363327},"selectedPrefabId":30290,"rotation":{"x":0.0,"y":0.005125731,"z":0.0,"w":0.9999869},"atDestination":false,"arrived":true,"destination":{"x":45.1,"y":3.0,"z":57.4626},"destinationVisitableId":"Building:5c5a5134-0fd1-4027-af13-a19e267537e9","unvisitedExhibitsIds":[],"visitorName":"Liam Phillips","time":4.69950962,"timeGoal":11.0,"currentExhibitId":"","hunger":42.41286,"thirst":38.0888634,"energy":51.03603,"restroomNeeds":59.92962,"happiness":40.0,"trash":68.62878,"trashDetriment":0.11624641,"action":0,"isFleeing":false},{"_id":"Visitor:cd2b5338-66d8-4eed-b105-5af7d7dce64d","position":{"x":32.9818954,"y":3.521103,"z":50.198288},"selectedPrefabId":30290,"rotation":{"x":0.0,"y":0.524619341,"z":0.0,"w":0.851336956},"atDestination":false,"arrived":false,"destination":{"x":45.1,"y":3.0,"z":58.2935181},"destinationVisitableId":"Building:5c5a5134-0fd1-4027-af13-a19e267537e9","unvisitedExhibitsIds":[],"visitorName":"Austin Gutierrez","time":0.018734999,"timeGoal":13.0,"currentExhibitId":"","hunger":63.46984,"thirst":50.05658,"energy":52.9508057,"restroomNeeds":71.84888,"happiness":57.0,"trash":54.89657,"trashDetriment":0.0517161265,"action":2,"isFleeing":false},{"_id":"Visitor:695e0410-3f88-441e-824c-188c079c5641","position":{"x":32.86136,"y":3.521103,"z":49.8472},"selectedPrefabId":30290,"rotation":{"x":0.0,"y":0.399991721,"z":0.0,"w":0.9165188},"atDestination":false,"arrived":false,"destination":{"x":45.1,"y":3.0,"z":58.43704},"destinationVisitableId":"Building:5c5a5134-0fd1-4027-af13-a19e267537e9","unvisitedExhibitsIds":[],"visitorName":"Bobby Foster","time":0.018734999,"timeGoal":11.0,"currentExhibitId":"","hunger":59.5881348,"thirst":64.93034,"energy":48.96176,"restroomNeeds":68.7073059,"happiness":73.0,"trash":67.7505951,"trashDetriment":0.12470156,"action":2,"isFleeing":false},{"_id":"Visitor:8ceadfaf-92bc-47fb-9a11-e4d38deab315","position":{"x":32.8870468,"y":3.521103,"z":50.13362},"selectedPrefabId":30290,"rotation":{"x":0.0,"y":0.4479166,"z":0.0,"w":0.894075334},"atDestination":false,"arrived":false,"destination":{"x":45.1,"y":3.0,"z":58.213623},"destinationVisitableId":"Building:5c5a5134-0fd1-4027-af13-a19e267537e9","unvisitedExhibitsIds":[],"visitorName":"Christopher Harris",