{"money":41573.0,"currentEntranceFee":20.0,"allTimeVisitorCount":42,"allTimeMoneyEarned":1934.0,"latestVisitorHappinesses":[33.0,47.0,30.0,25.0,44.0,44.0,40.0,25.0,13.3522606,25.0,1.86906517,28.0,27.0,38.0,37.0,26.0,35.0,19.0,8.07093,41.0,47.0,36.5799561,13.4565639,31.0,33.0],"reputation":73.40145}