{"animalList":[{"_id":"Animal:1190ffbc-5718-4276-8dca-44e1eba362be","position":{"x":41.687706,"y":3.0,"z":56.71035},"rotation":{"x":0.0,"y":0.041618824,"z":0.0,"w":0.9991336},"localScale":{"x":1.0,"y":1.0,"z":1.0},"selectedPrefabId":28242,"tag":"Placed","placeablePrice":800,"placeableName":"Fox","exhibitId":"Exhibit:8d322927-9e89-4b24-a187-d2bf13ea7774","hunger":49.4536819,"thirst":73.99674,"restroomNeeds":68.45662,"happiness":87.0,"health":95.0,"prevDay":638396640000000000,"isSick":false,"age":1.0,"birthDate":638396640000000000,"isMale":true,"isPregnant":false,"dayOfConception":0,"fertility":99}]}