{"animalList":[{"_id":"Animal:a72469eb-86c0-4c78-b78b-2d2ae64df525","position":{"x":43.2251663,"y":6.0,"z":56.81317},"rotation":{"x":0.0,"y":-0.9308187,"z":0.0,"w":0.365481377},"localScale":{"x":1.0,"y":1.0,"z":1.0},"selectedPrefabId":70902,"tag":"Placed","placeablePrice":500,"placeableName":"Raccoon","exhibitId":"Exhibit:d92b2348-7183-4b38-97a2-ef9da6614e21","hunger":83.22159,"thirst":81.82626,"restroomNeeds":87.61857,"happiness":0.244268358,"health":93.22067,"prevDay":638406144000000000,"isSick":false,"age":3.32258034,"isMale":true,"isPregnant":false,"pregnancyTimeMonth":0.0,"fertility":85,"terrainBonusMultiplier":-2.0,"natureBonusMultiplier":-2.0},{"_id":"Animal:b077c446-5d7a-45fb-8d6b-17486476de67","position":{"x":35.4108353,"y":5.0,"z":44.3588181},"rotation":{"x":-0.3382099,"y":0.5101565,"z":0.227848336,"w":0.757257938},"localScale":{"x":1.0,"y":1.0,"z":1.0},"selectedPrefabId":70928,"tag":"Placed","placeablePrice":750,"placeableName":"Bighorn Sheep","exhibitId":"Exhibit:ccb375f5-26d8-4532-b713-f1961d546fcc","hunger":71.67789,"thirst":71.22145,"restroomNeeds":18.4486942,"happiness":0.0,"health":98.9657,"prevDay":638406144000000000,"isSick":false,"age":2.1935482,"isMale":true,"isPregnant":false,"pregnancyTimeMonth":0.0,"fertility":98,"terrainBonusMultiplier":-0.799999952,"natureBonusMultiplier":-2.0},{"_id":"Animal:28e81f42-22cd-492c-ac13-20c86c116a3c","position":{"x":35.72959,"y":5.2759285,"z":42.4814758},"rotation":{"x":0.0,"y":0.997501731,"z":0.0,"w":0.07064263},"localScale":{"x":1.0,"y":1.0,"z":1.0},"selectedPrefabId":70928,"tag":"Placed","placeablePrice":750,"placeableName":"Bighorn Sheep","exhibitId":"Exhibit:ccb375f5-26d8-4532-b713-f1961d546fcc","hunger":83.2138062,"thirst":94.74472,"restroomNeeds":7.805788,"happiness":0.260099173,"health":83.42117,"prevDay":638406144000000000,"isSick":false,"age":2.1935482,"isMale":true,"isPregnant":false,"pregnancyTimeMonth":0.0,"fertility":77,"terrainBonusMultiplier":-0.799999952,"natureBonusMultiplier":-2.0},{"_id":"Animal:7d527ec9-7d75-4453-b00d-8c2d276281ad","position":{"x":42.6507645,"y":6.34205055,"z":43.3675},"rotation":{"x":0.0,"y":0.979492962,"z":0.0,"w":-0.201478541},"localScale":{"x":1.0,"y":1.0,"z":1.0},"selectedPrefabId":26664,"tag":"Placed","placeablePrice":650,"placeableName":"Red Fox","exhibitId":"Exhibit:a5a3d884-59c6-4b5f-a066-00dfc5a13aee","hunger":62.7005844,"thirst":54.7742653,"restroomNeeds":45.800972,"happiness":47.5649872,"health":87.0,"prevDay":638406144000000000,"isSick":false,"age":1.0,"isMale":true,"isPregnant":false,"pregnancyTimeMonth":0.0,"fertility":69,"terrainBonusMultiplier":-1.14,"natureBonusMultiplier":-2.0},{"_id":"Animal:37c1007d-9499-411e-b1a1-39061817cc73","position":{"x":42.5302353,"y":6.281786,"z":46.6801834},"rotation":{"x":0.0,"y":0.424801022,"z":0.0,"w":0.9052868},"localScale":{"x":1.0,"y":1.0,"z":1.0},"selectedPrefabId":70920,"tag":"Placed","placeablePrice":700,"placeableName":"Grey Wolf","exhibitId":"Exhibit:48c123ad-2955-434f-b9f9-d3edf37eef1d","hunger":51.66565,"thirst":65.0232239,"restroomNeeds":68.33915,"happiness":41.6800232,"health":82.0,"prevDay":638406144000000000,"isSick":false,"age":2.0,"isMale":true,"isPregnant":false,"pregnancyTimeMonth":0.0,"fertility":84,"terrainBonusMultiplier":-0.799999952,"natureBonusMultiplier":-2.0},{"_id":"Animal:177291d7-0f18-4001-b36e-835e9a389102","position":{"x":41.5823441,"y":5.80783844,"z":49.5054},"rotation":{"x":0.0,"y":0.386994451,"z":0.0,"w":0.9220821},"localScale":{"x":1.0,"y":1.0,"z":1.0},"selectedPrefabId":26738,"tag":"Placed","placeablePrice":550,"placeableName":"Bober","exhibitId":"Exhibit:45062b5a-f454-47b9-b034-3c13216a5d3a","hunger":55.87155,"thirst":49.8647766,"restroomNeeds":63.75464,"happiness":52.6779175,"health":81.0,"prevDay":638406144000000000,"isSick":false,"age":2.0,"isMale":true,"isPregnant":false,"pregnancyTimeMonth":0.0,"fertility":94,"terrainBonusMultiplier":-2.0,"natureBonusMultiplier":-2.0}],"babiesBorn":0}