{"currentDate":638406144000000000,"timeOfDay":17.0121746,"lightsOn":false,"totalSeconds":287.083984}