{"decorations":[{"_id":"Decoration:dc60a4a7-a077-4a88-aaf7-f367ce807edf","position":{"x":37.3497429,"y":5.739729,"z":52.9279938},"rotation":{"x":1.39925727E-09,"y":1.63709012E-11,"z":-2.79283019E-09,"w":1.0},"selectedPrefabId":26716,"tag":"Placed","placeablePrice":100},{"_id":"Decoration:3a8847f4-6246-459b-a6ba-59a165858d11","position":{"x":32.3346672,"y":5.739729,"z":45.5867538},"rotation":{"x":6.99856E-10,"y":9.094945E-12,"z":-1.39630141E-09,"w":1.0},"selectedPrefabId":26716,"tag":"Placed","placeablePrice":100}]}