{"staffList":[{"$type":"Zookeeper+ZookeeperData, Assembly-CSharp","_id":"Zookeeper:e45e6c1e-4213-4e4c-8763-2e4cffaf2b7a","placeablePrice":500,"tag":"Placed","position":{"x":41.58116,"y":5.807247,"z":43.8898773},"selectedPrefabId":26724,"rotation":{"x":0.0,"y":0.0116531448,"z":0.0,"w":0.99993217}},{"$type":"Vet+VetData, Assembly-CSharp","_id":"Vet:ecf5a4b8-7c76-4e9a-a5c8-258e24e3df0f","placeablePrice":600,"tag":"Placed","position":{"x":32.7383347,"y":5.0,"z":43.042923},"selectedPrefabId":26722,"rotation":{"x":0.0,"y":0.9903454,"z":0.0,"w":-0.138621867}},{"$type":"Maintainer+MaintainerData, Assembly-CSharp","_id":"Maintainer:abeb173b-91fe-4442-b340-fb24152b402b","placeablePrice":650,"tag":"Placed","position":{"x":35.1571236,"y":5.01499939,"z":46.4879837},"selectedPrefabId":26728,"rotation":{"x":0.0,"y":-0.9393339,"z":0.0,"w":0.343004137}}]}