{"trashcanList":[{"_id":"TrashCan:2a1a1c22-740e-472d-82ba-8548b31f3663","position":{"x":39.2129631,"y":4.99999952,"z":54.9157257},"rotation":{"x":0.0,"y":0.0,"z":0.0,"w":1.0},"selectedPrefabId":26730,"tag":"Placed","placeablePrice":100,"reachable":true,"trashCapacity":712,"visitorsIds":[]}],"trashOnTheGroundCoords":[{"x":35.1571236,"y":5.01642227,"z":46.4879837}]}