{"visitorList":[{"_id":"Visitor:f4427bba-9677-41d7-b705-7ba5a5dfa7e0","position":{"x":36.8921852,"y":5.01642227,"z":48.4414635},"selectedPrefabId":26726,"rotation":{"x":0.0,"y":-0.9999096,"z":0.0,"w":-0.0134495553},"atDestination":false,"arrived":true,"destination":{"x":36.9,"y":5.0,"z":48.5765038},"destinationVisitableId":"Building:4bf22f15-16dd-474f-95fd-512f9c422681","unvisitedExhibitsIds":["Exhibit:ccb375f5-26d8-4532-b713-f1961d546fcc"],"visitorName":"John Gray","time":12.0297041,"timeGoal":13.0,"currentExhibitId":"Exhibit:d92b2348-7183-4b38-97a2-ef9da6614e21","hunger":77.09029,"thirst":14.3340073,"energy":97.41226,"restroomNeeds":53.5919456,"happiness":45.11221,"trash":19.40858,"trashDetriment":1.72855771,"action":1,"isFleeing":false},{"_id":"Visitor:b5ae4071-d2ee-4633-956b-b28691c2f398","position":{"x":36.9003,"y":5.01642227,"z":49.6362076},"selectedPrefabId":26726,"rotation":{"x":0.0,"y":-0.9932061,"z":0.0,"w":0.11636883},"atDestination":false,"arrived":true,"destination":{"x":36.9,"y":5.0,"z":49.44578},"destinationVisitableId":"Building:d7e8b376-f6c0-4b30-a7c3-e330390d1692","unvisitedExhibitsIds":["Exhibit:ccb375f5-26d8-4532-b713-f1961d546fcc"],"visitorName":"Larry Miller","time":2.505517,"timeGoal":11.0,"currentExhibitId":"Exhibit:d92b2348-7183-4b38-97a2-ef9da6614e21","hunger":64.8691,"thirst":44.9950333,"energy":72.27832,"restroomNeeds":45.7656479,"happiness":75.8193359,"trash":0.0,"trashDetriment":3.37167144,"action":3,"isFleeing":false},{"_id":"Visitor:fca43cbe-d749-463d-8973-e48458474931","position":{"x":36.91514,"y":5.01642227,"z":52.60766},"selectedPrefabId":26726,"rotation":{"x":0.0,"y":0.99998343,"z":0.0,"w":-0.00576305948},"atDestination":false,"arrived":false,"destination":{"x":36.9,"y":5.0,"z":50.3549538},"destinationVisitableId":"Building:d7e8b376-f6c0-4b30-a7c3-e330390d1692","unvisitedExhibitsIds":[],"visitorName":"Harold Edwards","time":0.0,"timeGoal":11.0,"currentExhibitId":"Exhibit:d92b2348-7183-4b38-97a2-ef9da6614e21","hunger":38.39712,"thirst":0.0,"energy":65.8593445,"restroomNeeds":26.6588917,"happiness":41.6896057,"trash":78.44152,"trashDetriment":0.08828853,"action":0,"isFleeing":false},{"_id":"Visitor:e567f53c-bdd6-4bd6-857b-6f4dfeedb1e0","position":{"x":36.8985329,"y":5.01642227,"z":48.3333931},"selectedPrefabId":26726,"rotation":{"x":0.0,"y":-0.3072411,"z":0.0,"w":-0.9516318},"atDestination":false,"arrived":true,"destination":{"x":36.9,"y":5.0,"z":48.5208359},"destinationVisitableId":"Building:4bf22f15-16dd-474f-95fd-512f9c422681","unvisitedExhibitsIds":[],"visitorName":"Christopher Diaz","time":4.50534725,"timeGoal":11.0,"currentExhibitId":"Exhibit:ccb375f5-26d8-4532-b713-f1961d546fcc","hunger":48.32537,"thirst":25.6941185,"energy":44.8486938,"restroomNeeds":45.3861351,"happiness":23.9683552,"trash":53.4722977,"trashDetriment":0.806146264,"action":1,"isFleeing":false},{"_id":"Visitor:39404098-07e4-4c4c-9479-56ff2b805945","position":{"x":34.0742455,"y":5.01642227,"z":46.0014648},"selectedPrefabId":26726,"rotation":{"x":0.0,"y":-0.947597,"z":0.0,"w":-0.319468349},"atDestination":false,"arrived":true,"destination":{"x":33.9582672,"y":5.0,"z":45.90343},"destinationVisitableId":"Exhibit:ccb375f5-26d8-4532-b713-f1961d546fcc","unvisitedExhibitsIds":[],"visitorName":"Joshua Reyes","time":3.924924,"timeGoal":13.0,"currentExhibitId":"Exhibit:ccb375f5-26d8-4532-b713-f1961d546fcc","hunger":87.6548,"thirst":1.9525857,"energy":85.3431,"restroomNeeds":73.92021,"happiness":25.6174412,"trash":23.5221825,"trashDetriment":1.01997674,"action":4,"isFleeing":false},{"_id":"Visitor:75e0350b-8423-4d38-82fb-f41ad6d0a1fc","position":{"x":36.91314,"y":5.01642227,"z":50.8425},"selectedPrefabId":26726,"rotation":{"x":0.0,"y":-0.9999945,"z":0.0,"w":0.00331094582},"atDestination":false,"arrived":false,"destination":{"x":36.9,"y":5.0,"z":48.8407326},"destinationVisitableId":"Building:4bf22f15-16dd-474f-95fd-512f9c422681","unvisitedExhibitsIds":[],"visitorName":"Billy Gutierrez","time":0.0,"timeGoal":11.0,"currentExhibitId":"Exhibit:d92b2348-7183-4b38-97a2-ef9da6614e21","hunger":52.226162,"thirst":41.6420441,"energy":78.3629,"restroomNeeds":0.0,"happiness":83.46812,"trash":72.1027145,"trashDetriment":0.08500472,"action":4,"isFleeing":false},{"_id":"Visitor:438916ca-bf47-45a1-ae84-2bd9971a75cf","position":{"x":33.26329,"y":5.01642227,"z":45.3680038},"selectedPrefabId":26726,"rotation":{"x":0.00310345739,"y":-0.9381198,"z":-0.008409766,"w":-0.346194774},"atDestination":false,"arrived":true,"destination":{"x":33.13405,"y":5.0,"z":45.2836037},"destinationVisitableId":"Exhibit:ccb375f5-26d8-4532-b713-f1961d546fcc","unvisitedExhibitsIds":[],"visitorName":"Carl White","time":3.37162256,"timeGoal":11.0,"currentExhibitId":"Exhibit:ccb375f5-26d8-4532-b713-f1961d546fcc","hunger":16.4328384,"thirst":8.957104,"energy":73.59928,"restroomNeeds":51.88032,"happiness":7.776789,"trash":0.0,"trashDetriment":0.876215,"action":4,"isFleeing":false},{"_id":"Visitor:118bb74a-e3a6-4166-ad42-28267f63f6b7","position":{"x":36.7890129,"y":5.01642227,"z":49.4052353},"selectedPrefabId":26726,"rotation":{"x":0.0,"y":-0.2493465,"z":0.0,"w":-0.968414366},"atDestination":false,"arrived":true,"destination":{"x":36.9,"y":5.0,"z":49.56796},"destinationVisitableId":"Building:d7e8b376-f6c0-4b30-a7c3-e330390d1692","unvisitedExhibitsIds":["Exhibit:d92b2348-7183-4b38-97a2-ef9da6614e21"],"visitorName":"Ethan Peterson","time":3.924924,"timeGoal":11.0,"currentExhibitId":"Exhibit:ccb375f5-26d8-4532-b713-f1961d546fcc","hunger":61.25437,"thirst":59.51639,"energy":79.58173,"restroomNeeds":26.0012856,"happiness":67.73233,"trash":41.3610573,"trashDetriment":0.14898172,"action":0,"isFleeing":false},{"_id":"Visitor:f8f49d70-8216-4742-a588-eef8b8e3e0b3","position":{"x":36.85217,"y":5.01642227,"z":49.0188866},"selectedPrefabId":26726,"rotation":{"x":0.0,"y":-0.992697239,"z":0.0,"w":-0.120632865},"atDestination":false,"arrived":true,"destination":{"x":36.9,"y":5.0,"z":48.825943},"destinationVisitableId":"Building:4bf22f15-16dd-474f-95fd-512f9c422681","unvisitedExhibitsIds":["Exhibit:ccb375f5-26d8-4532-b713-f1961d546fcc"],"visitorName":"Vincent Nguyen","time":1.48508787,"timeGoal":12.0,"currentExhibitId":"Exhibit:d92b2348-7183-4b38-97a2-ef9da6614e21","hunger":26.948822,"thirst":43.9865532,"energy":80.52984,"restroomNeeds":23.7756748,"happiness":48.6797867,"trash":29.3923149,"trashDetriment":1.93077612,"action":4,"isFleeing":false},{"_id":"Visitor:b853ccfe-adfb-4d59-8846-51fdb1e22f8a","position":{"x":36.8986969,"y":5.01642227,"z":49.4413528},"selectedPrefabId":26726,"rotation":{"x":0.0,"y":0.9999996,"z":0.0,"w":-0.0009763509},"atDestination":false,"arrived":false,"destination":{"x":36.9,"y":5.0,"z":47.45091},"destinationVisitableId":"Building:4bf22f15-16dd-474f-95fd-512f9c422681","unvisitedExhibitsIds":[],"visitorName":"Kenneth Young","time":0.0,"timeGoal":12.0,"currentExhibitId":"Exhibit:d92b2348-7183-4b38-97a2-ef9da6614e21","hunger":36.0035629,"thirst":33.2762451,"energy":50.67151,"restroomNeeds":83.95656,"happiness":50.1253624,"trash":2.133361,"trashDetriment":0.9137384,"action":4,"isFleeing":false},{"_id":"Visitor:0979411f-4bc4-47c7-bbcc-10fc9a3b6120","position":{"x":36.8806458,"y":5.01642227,"z":50.9788437},"selectedPrefabId":26726,"rotation":{"x":0.0,"y":0.896876454,"z":0.0,"w":0.4422813},"atDestination":false,"arrived":true,"destination":{"x":36.9,"y":5.0,"z":50.782177},"destinationVisitableId":"Building:d7e8b376-f6c0-4b30-a7c3-e330390d1692","unvisitedExhibitsIds":["Exhibit:d92b2348-7183-4b38-97a2-ef9da6614e21"],"visitorName":"Wayne Mendoza","time":8.885736,"timeGoal":12.0,"currentExhibitId":"Exhibit:ccb375f5-26d8-4532-b713-f1961d546fcc","hunger":80.23652,"thirst":11.6795588,"energy":54.8550377,"restroomNeeds":72.28578,"happiness":45.0154343,"trash":0.0,"trashDetriment":1.70381582,"action":1,"isFleeing":false},{"_id":"Visitor:f87f4c27-252f-4268-858a-3eb74a2ae983","position":{"x":36.89624,"y":5.01642227,"z":47.99721},"selectedPrefabId":26726,"rotation":{"x":0.0,"y":-0.9999385,"z":0.0,