{"money":14077.0,"xp":1118,"xpGoal":5100,"xpLevel":2,"currentEntranceFee":20.0,"allTimeVisitorCount":23,"allTimeMoneyEarned":1937.0,"latestVisitorHappinesses":[63.498703,70.14285,69.25709,89.3767,48.00791,98.7352753],"reputation":50.0}