{"animalList":[{"_id":"Animal:62ac7c9f-b332-4dfe-86ff-d9a51393ddd6","position":{"x":42.41007995605469,"y":3.0,"z":57.42139434814453},"rotation":{"x":0.0,"y":0.7434571981430054,"z":0.0,"w":0.6687835454940796},"localScale":{"x":1.0,"y":1.0,"z":1.0},"selectedPrefabId":28242,"tag":"Placed","placeablePrice":800,"placeableName":"Fox","exhibitId":"Exhibit:08c468de-b6d8-41c1-8f13-2b5e37cb1681","hunger":66.43092346191406,"thirst":80.15715026855469,"restroomNeeds":64.68136596679688,"happiness":52.0,"health":97.0,"prevDay":638398368000000000,"isSick":false,"age":1.0,"birthDate":638398368000000000,"isMale":true,"isPregnant":false,"dayOfConception":0,"fertility":86}]}