{"animalList":[{"_id":"Animal:b5ec5a59-6516-4803-b1f6-81096e2b14a1","position":{"x":43.6776123046875,"y":3.0,"z":61.400333404541019},"rotation":{"x":0.0,"y":0.8839055299758911,"z":0.0,"w":0.4676656723022461},"localScale":{"x":0.05999999865889549,"y":0.05999999865889549,"z":0.05999999865889549},"selectedPrefabId":29688,"tag":"Placed","placeablePrice":1200,"placeableName":"Giraffe","exhibitId":"Exhibit:24d815d8-feff-4e2f-9bcd-1ce2aa4918c5","hunger":56.876922607421878,"thirst":94.09100341796875,"restroomNeeds":78.6312255859375,"happiness":80.0,"health":83.0,"prevDay":638396640000000000,"isSick":false,"age":3.0,"birthDate":638396640000000000,"isMale":true,"isPregnant":false,"dayOfConception":0,"fertility":75},{"_id":"Animal:be3f2a24-67c2-4383-95e3-248628e8f2c4","position":{"x":42.34004211425781,"y":3.0,"z":61.614681243896487},"rotation":{"x":0.0,"y":-0.6560497283935547,"z":0.0,"w":0.7547177076339722},"localScale":{"x":0.05999999865889549,"y":0.05999999865889549,"z":0.05999999865889549},"selectedPrefabId":29688,"tag":"Placed","placeablePrice":1200,"placeableName":"Giraffe","exhibitId":"Exhibit:24d815d8-feff-4e2f-9bcd-1ce2aa4918c5","hunger":77.91070556640625,"thirst":86.073486328125,"restroomNeeds":80.08367919921875,"happiness":87.957763671875,"health":98.0,"prevDay":638396640000000000,"isSick":false,"age":3.0,"birthDate":638396640000000000,"isMale":true,"isPregnant":false,"dayOfConception":0,"fertility":69}]}