{"animalList":[{"_id":"Animal:306d0caa-8e4c-4468-980b-0dd9e274d990","position":{"x":42.70102,"y":3.0,"z":56.5501137},"rotation":{"x":0.0,"y":0.270133466,"z":0.0,"w":0.9628229},"localScale":{"x":1.0,"y":1.0,"z":1.0},"selectedPrefabId":25746,"tag":"Placed","placeablePrice":800,"placeableName":"Fox","exhibitId":"Exhibit:e7afd82a-c118-4905-ac5d-80334a07aa7f","hunger":83.18303,"thirst":90.25492,"restroomNeeds":86.3642349,"happiness":75.04213,"health":81.0,"prevDay":638396640000000000,"isSick":false,"age":1.0,"birthDate":638396640000000000,"isMale":true,"isPregnant":false,"dayOfConception":0,"fertility":61}]}