{"animalList":[{"_id":"Animal:306d0caa-8e4c-4468-980b-0dd9e274d990","position":{"x":41.591095,"y":3.0,"z":56.1565857},"rotation":{"x":0.0,"y":0.525075138,"z":0.0,"w":-0.8510559},"localScale":{"x":1.0,"y":1.0,"z":1.0},"selectedPrefabId":25746,"tag":"Placed","placeablePrice":800,"placeableName":"Fox","exhibitId":"Exhibit:e7afd82a-c118-4905-ac5d-80334a07aa7f","hunger":72.15289,"thirst":70.352066,"restroomNeeds":77.446785,"happiness":81.81886,"health":81.0,"prevDay":638397504000000000,"isSick":false,"age":1.0,"birthDate":638396640000000000,"isMale":true,"isPregnant":false,"dayOfConception":0,"fertility":61}]}