{"buildingList":[{"_id":"Building:d5404ec7-46be-4f15-8abb-dbf810e6195a","position":{"x":44.5,"y":3.5,"z":52.5},"rotation":{"x":0.0,"y":0.7071068,"z":0.0,"w":0.7071068},"selectedPrefabId":25754,"tag":"Placed","placeablePrice":1500,"reachable":true,"capacity":4,"visitorsIds":["Visitor:c4fd9aac-802d-434d-a578-ccf4e688ed88","Visitor:ad27447f-d5d5-4dc0-9f89-0809e151a7a7","Visitor:e2dd16ae-1b8f-4a89-8613-622820f9b590","Visitor:7e4220ca-5ee7-4f4f-b7ac-4359064d55a0","Visitor:cce4cd43-abf4-4bd1-a9c1-51bdaf0ea6df","Visitor:184a8a9c-c460-464f-9fef-a846a7e10fa0"],"itemsBought":0,"x":1,"z":-2,"startingGridIndex":{"x":12.0,"y":0.0,"z":20.0}}]}