{"visitorList":[{"_id":"Visitor:e2dd16ae-1b8f-4a89-8613-622820f9b590","position":{"x":43.8701019,"y":3.021103,"z":51.4946556},"selectedPrefabId":26618,"rotation":{"x":0.0,"y":0.987759,"z":0.0,"w":0.155988172},"atDestination":false,"arrived":true,"destination":{"x":43.9,"y":3.0,"z":51.40181},"destinationVisitableId":"Building:d5404ec7-46be-4f15-8abb-dbf810e6195a","unvisitedExhibitsIds":[],"visitorName":"Noah Castillo","time":1.36491513,"timeGoal":11.0,"currentExhibitId":"Exhibit:e7afd82a-c118-4905-ac5d-80334a07aa7f","hunger":62.43373,"thirst":48.34059,"energy":46.44747,"restroomNeeds":94.51509,"happiness":62.274437,"action":3,"isFleeing":false},{"_id":"Visitor:dbb10dad-e8e5-4e94-a4f2-37fb24c95131","position":{"x":37.06406,"y":3.52175331,"z":54.0630455},"selectedPrefabId":26618,"rotation":{"x":0.0,"y":-0.7467029,"z":0.0,"w":0.665157735},"atDestination":false,"arrived":false,"destination":{"x":32.147583,"y":3.5,"z":52.1299553},"destinationVisitableId":"ZooManager","unvisitedExhibitsIds":[],"visitorName":"Alexander White","time":0.00771030039,"timeGoal":11.0,"currentExhibitId":"Exhibit:e7afd82a-c118-4905-ac5d-80334a07aa7f","hunger":40.2955627,"thirst":33.1061,"energy":43.6959343,"restroomNeeds":70.71563,"happiness":61.31962,"action":5,"isFleeing":false},{"_id":"Visitor:ad27447f-d5d5-4dc0-9f89-0809e151a7a7","position":{"x":43.86697,"y":3.021103,"z":51.7062645},"selectedPrefabId":26618,"rotation":{"x":0.0,"y":0.9855606,"z":0.0,"w":0.1693235},"atDestination":false,"arrived":true,"destination":{"x":43.9,"y":3.0,"z":51.6121445},"destinationVisitableId":"Building:d5404ec7-46be-4f15-8abb-dbf810e6195a","unvisitedExhibitsIds":[],"visitorName":"Brandon Evans","time":0.383050323,"timeGoal":13.0,"currentExhibitId":"Exhibit:e7afd82a-c118-4905-ac5d-80334a07aa7f","hunger":58.51358,"thirst":54.0045853,"energy":52.6803322,"restroomNeeds":50.1920357,"happiness":64.19144,"action":2,"isFleeing":false},{"_id":"Visitor:6aa896aa-232d-4483-b283-ff67598b91aa","position":{"x":42.9090576,"y":3.021103,"z":54.07827},"selectedPrefabId":26618,"rotation":{"x":0.0,"y":0.70595175,"z":0.0,"w":0.70825994},"atDestination":false,"arrived":true,"destination":{"x":42.97027,"y":3.0,"z":54.078476},"destinationVisitableId":"Exhibit:e7afd82a-c118-4905-ac5d-80334a07aa7f","unvisitedExhibitsIds":[],"visitorName":"Vincent Davis","time":0.938379943,"timeGoal":13.0,"currentExhibitId":"Exhibit:e7afd82a-c118-4905-ac5d-80334a07aa7f","hunger":47.4157639,"thirst":61.95287,"energy":50.8994751,"restroomNeeds":58.42829,"happiness":61.2727547,"action":4,"isFleeing":false},{"_id":"Visitor:c4fd9aac-802d-434d-a578-ccf4e688ed88","position":{"x":43.24534,"y":3.021103,"z":53.44624},"selectedPrefabId":26618,"rotation":{"x":0.0,"y":0.9554227,"z":0.0,"w":0.295241535},"atDestination":false,"arrived":false,"destination":{"x":43.9,"y":3.0,"z":51.4596443},"destinationVisitableId":"Building:d5404ec7-46be-4f15-8abb-dbf810e6195a","unvisitedExhibitsIds":["Exhibit:e7afd82a-c118-4905-ac5d-80334a07aa7f"],"visitorName":"Joshua Collins","time":0.0055972,"timeGoal":12.0,"currentExhibitId":"","hunger":48.6343575,"thirst":51.93647,"energy":43.0993347,"restroomNeeds":51.7672768,"happiness":57.0,"action":1,"isFleeing":false},{"_id":"Visitor:7e4220ca-5ee7-4f4f-b7ac-4359064d55a0","position":{"x":33.3034134,"y":3.521103,"z":50.5252228},"selectedPrefabId":26618,"rotation":{"x":0.0,"y":0.431669772,"z":0.0,"w":0.9020317},"atDestination":false,"arrived":false,"destination":{"x":43.9,"y":3.0,"z":52.6346054},"destinationVisitableId":"Building:d5404ec7-46be-4f15-8abb-dbf810e6195a","unvisitedExhibitsIds":["Exhibit:e7afd82a-c118-4905-ac5d-80334a07aa7f"],"visitorName":"Wayne Castillo","time":0.0125485994,"timeGoal":12.0,"currentExhibitId":"","hunger":66.56947,"thirst":61.0546722,"energy":64.8081055,"restroomNeeds":69.79901,"happiness":59.0,"action":3,"isFleeing":false},{"_id":"Visitor:cce4cd43-abf4-4bd1-a9c1-51bdaf0ea6df","position":{"x":33.14917,"y":3.521103,"z":50.3827438},"selectedPrefabId":26618,"rotation":{"x":0.0,"y":0.402164251,"z":0.0,"w":0.9155676},"atDestination":false,"arrived":false,"destination":{"x":43.9,"y":3.0,"z":51.19852},"destinationVisitableId":"Building:d5404ec7-46be-4f15-8abb-dbf810e6195a","unvisitedExhibitsIds":["Exhibit:e7afd82a-c118-4905-ac5d-80334a07aa7f"],"visitorName":"Ethan Jones","time":0.0125485994,"timeGoal":12.0,"currentExhibitId":"","hunger":58.5141,"thirst":57.0027542,"energy":49.8883667,"restroomNeeds":50.8144226,"happiness":53.0,"action":3,"isFleeing":false},{"_id":"Visitor:29747e1b-f281-489f-bada-43178b5d40c2","position":{"x":33.225666,"y":3.521103,"z":50.45466},"selectedPrefabId":26618,"rotation":{"x":0.0,"y":0.417503029,"z":0.0,"w":0.9086756},"atDestination":false,"arrived":false,"destination":{"x":40.90264,"y":3.0,"z":54.44788},"destinationVisitableId":"Exhibit:e7afd82a-c118-4905-ac5d-80334a07aa7f","unvisitedExhibitsIds":[],"visitorName":"Larry Patel","time":0.0170596987,"timeGoal":11.0,"currentExhibitId":"","hunger":60.5881424,"thirst":64.08197,"energy":53.153244,"restroomNeeds":55.78389,"happiness":53.0,"action":4,"isFleeing":false},{"_id":"Visitor:184a8a9c-c460-464f-9fef-a846a7e10fa0","position":{"x":33.08703,"y":3.521103,"z":50.26515},"selectedPrefabId":26618,"rotation":{"x":0.0,"y":0.377384037,"z":0.0,"w":0.9260568},"atDestination":false,"arrived":false,"destination":{"x":43.9,"y":3.0,"z":52.0327034},"destinationVisitableId":"Building:d5404ec7-46be-4f15-8abb-dbf810e6195a","unvisitedExhibitsIds":["Exhibit:e7afd82a-c118-4905-ac5d-80334a07aa7f"],"visitorName":"Logan Ramos","time":0.0170596987,"timeGoal":11.0,"currentExhibitId":"","hunger":54.4198074,"thirst":55.06858,"energy":67.1579,"restroomNeeds":64.747345,"happiness":56.0,"action":1,"isFleeing":false}],"timeTillSpawn":9.756376,"animalBonus":1.03,"animalBonuses":[{"animal":"Fox","bonus":0.03}]}