{"visitorList":[{"_id":"Visitor:e2dd16ae-1b8f-4a89-8613-622820f9b590","position":{"x":35.53787,"y":3.521103,"z":52.6622276},"selectedPrefabId":26618,"rotation":{"x":0.0,"y":0.392871439,"z":0.0,"w":0.919593453},"atDestination":false,"arrived":false,"destination":{"x":40.000248,"y":3.0,"z":54.6652451},"destinationVisitableId":"Exhibit:e7afd82a-c118-4905-ac5d-80334a07aa7f","unvisitedExhibitsIds":[],"visitorName":"Noah Castillo","time":0.0317558,"timeGoal":13.0,"currentExhibitId":"","hunger":70.9151459,"thirst":68.53151,"energy":60.3860321,"restroomNeeds":53.61246,"happiness":56.0,"action":4,"isFleeing":false},{"_id":"Visitor:dbb10dad-e8e5-4e94-a4f2-37fb24c95131","position":{"x":35.3034935,"y":3.521103,"z":52.4153366},"selectedPrefabId":26618,"rotation":{"x":0.0,"y":0.3896291,"z":0.0,"w":0.9209719},"atDestination":false,"arrived":false,"destination":{"x":42.5840225,"y":3.0,"z":54.03522},"destinationVisitableId":"Exhibit:e7afd82a-c118-4905-ac5d-80334a07aa7f","unvisitedExhibitsIds":[],"visitorName":"Alexander White","time":0.0317558,"timeGoal":11.0,"currentExhibitId":"","hunger":50.2967834,"thirst":54.308033,"energy":58.8154678,"restroomNeeds":73.60015,"happiness":55.0,"action":4,"isFleeing":false}],"timeTillSpawn":6.72473764,"animalBonus":1.03,"animalBonuses":[{"animal":"Fox","bonus":0.03}]}