{"animalList":[{"_id":"Animal:ccc7a9c0-245a-42ff-b419-de9d71de9f7f","position":{"x":42.37195587158203,"y":3.0,"z":57.661739349365237},"rotation":{"x":0.0,"y":-0.008318791165947914,"z":0.0,"w":0.9999654293060303},"localScale":{"x":1.0,"y":1.0,"z":1.0},"selectedPrefabId":28426,"tag":"Placed","placeablePrice":800,"placeableName":"Fox","exhibitId":"Exhibit:c6100cef-44ba-4d6c-83b7-8bd4b4d7a167","hunger":58.215919494628909,"thirst":97.15568542480469,"restroomNeeds":69.86307525634766,"happiness":66.0,"health":96.0,"prevDay":638397504000000000,"isSick":false,"age":1.0,"birthDate":638396640000000000,"isMale":true,"isPregnant":false,"dayOfConception":0,"fertility":58}]}