{"animalvisitableList":[{"position":{"x":41.55357360839844,"y":3.2849998474121095,"z":58.503082275390628},"selectedPrefabId":28438,"rotation":{"x":0.0,"y":0.0,"z":0.0,"w":1.0}}]}