{"animalList":[{"_id":"Animal:228cd209-91b8-4088-8ebe-b4a2deca0f18","position":{"x":42.0813141,"y":3.0,"z":57.6529465},"rotation":{"x":0.0,"y":-0.29043895,"z":0.0,"w":-0.956893563},"localScale":{"x":1.0,"y":1.0,"z":1.0},"selectedPrefabId":25798,"tag":"Placed","placeablePrice":800,"placeableName":"Fox","exhibitId":"Exhibit:0a1ac601-b3b9-41ef-bf97-b98e18448558","hunger":49.5466232,"thirst":52.2719574,"restroomNeeds":85.01222,"happiness":62.2448273,"health":75.0,"prevDay":638398368000000000,"isSick":false,"age":1.06451607,"birthDate":638396640000000000,"isMale":true,"isPregnant":false,"dayOfConception":0,"fertility":95,"terrainBonusMultiplier":-2.0,"natureBonus":1.0}]}