{"decorations":[{"_id":"Decoration:b6b7a4e4-f22d-412d-8ae9-c360c90539f7","position":{"x":39.6922,"y":3.739729,"z":59.3690948},"rotation":{"x":6.99856E-10,"y":9.094945E-12,"z":-1.39630141E-09,"w":1.0},"selectedPrefabId":25850,"tag":"Placed","placeablePrice":100},{"_id":"Decoration:2a5cc43f-d311-4325-a79d-f2c11a1f5df5","position":{"x":39.76037,"y":3.739729,"z":55.81668},"rotation":{"x":6.99856E-10,"y":9.094945E-12,"z":-1.39630141E-09,"w":1.0},"selectedPrefabId":25850,"tag":"Placed","placeablePrice":100},{"_id":"Decoration:22ea3dbc-56dc-4b31-8c7c-8615612df40b","position":{"x":43.9906464,"y":3.739729,"z":55.73185},"rotation":{"x":6.99856E-10,"y":9.094945E-12,"z":-1.39630141E-09,"w":1.0},"selectedPrefabId":25850,"tag":"Placed","placeablePrice":100},{"_id":"Decoration:239bfa4c-dd14-4ef5-97ef-60d5ae9b793c","position":{"x":44.3258667,"y":3.739729,"z":59.2414932},"rotation":{"x":6.99856E-10,"y":9.094945E-12,"z":-1.39630141E-09,"w":1.0},"selectedPrefabId":25850,"tag":"Placed","placeablePrice":100}]}