{"natureList":[{"_id":"Nature:103bbba7-87ae-465b-904b-e6b51ac18983","position":{"x":40.88613,"y":4.68687,"z":58.5026245},"selectedPrefabId":25724,"rotation":{"x":0.0,"y":0.0,"z":0.0,"w":1.0},"placeablePrice":60,"tag":"Placed"}]}