{"visitorList":[{"_id":"Visitor:866e7085-6c1b-44be-bf21-82f473474dca","position":{"x":37.2617226,"y":3.52364731,"z":54.1229744},"selectedPrefabId":25860,"rotation":{"x":0.0,"y":-0.785508156,"z":0.0,"w":0.618851364},"atDestination":false,"arrived":false,"destination":{"x":32.1262627,"y":3.5,"z":52.1905746},"destinationVisitableId":"ZooManager","unvisitedExhibitsIds":[],"visitorName":"Jonathan Brown","time":0.0084482,"timeGoal":12.0,"currentExhibitId":"Exhibit:0a1ac601-b3b9-41ef-bf97-b98e18448558","hunger":58.25223,"thirst":43.825943,"energy":51.1483078,"restroomNeeds":68.62188,"happiness":57.89059,"action":5,"isFleeing":false},{"_id":"Visitor:64b58500-7eb3-4705-b92c-2cc743e5ac6d","position":{"x":36.1455574,"y":3.521103,"z":53.75353},"selectedPrefabId":25860,"rotation":{"x":0.0,"y":-0.812633634,"z":0.0,"w":0.582775},"atDestination":false,"arrived":false,"destination":{"x":32.10303,"y":3.5,"z":52.32182},"destinationVisitableId":"ZooManager","unvisitedExhibitsIds":[],"visitorName":"Donald Ward","time":0.0081168,"timeGoal":12.0,"currentExhibitId":"Exhibit:0a1ac601-b3b9-41ef-bf97-b98e18448558","hunger":47.87788,"thirst":54.4871178,"energy":53.63382,"restroomNeeds":58.7177849,"happiness":56.89059,"action":5,"isFleeing":false},{"_id":"Visitor:a5778626-5264-419d-b118-4a304c9c8903","position":{"x":39.5884056,"y":3.021103,"z":54.1849823},"selectedPrefabId":25860,"rotation":{"x":0.0,"y":0.6884887,"z":0.0,"w":0.7252471},"atDestination":false,"arrived":false,"destination":{"x":40.6073341,"y":3.0,"z":54.2363358},"destinationVisitableId":"Exhibit:0a1ac601-b3b9-41ef-bf97-b98e18448558","unvisitedExhibitsIds":[],"visitorName":"Mark Torres","time":0.0,"timeGoal":11.0,"currentExhibitId":"","hunger":67.18258,"thirst":44.8837357,"energy":58.64846,"restroomNeeds":67.16116,"happiness":65.0,"action":4,"isFleeing":false},{"_id":"Visitor:44ff4341-c200-40ac-9208-0dae164ddb43","position":{"x":39.54579,"y":3.021103,"z":54.74198},"selectedPrefabId":25860,"rotation":{"x":0.0,"y":0.626155734,"z":0.0,"w":0.7796981},"atDestination":false,"arrived":false,"destination":{"x":43.957325,"y":3.0,"z":55.58042},"destinationVisitableId":"Exhibit:0a1ac601-b3b9-41ef-bf97-b98e18448558","unvisitedExhibitsIds":[],"visitorName":"Lucas Castillo","time":0.0,"timeGoal":11.0,"currentExhibitId":"","hunger":49.4803734,"thirst":52.66117,"energy":44.90526,"restroomNeeds":54.3029,"happiness":73.0,"action":4,"isFleeing":false}],"timeTillSpawn":3.35871649,"animalBonus":1.03,"animalBonuses":[{"animal":"Fox","bonus":0.03}]}