{"natures":[{"position":{"x":40.750179290771487,"y":4.09999942779541,"z":57.59199523925781},"selectedPrefabId":31206,"rotation":{"x":3.725290298461914e-9,"y":0.0,"z":0.0,"w":1.0}},{"position":{"x":44.30626678466797,"y":4.244999885559082,"z":55.21208190917969},"selectedPrefabId":31210,"rotation":{"x":0.0,"y":0.7071068286895752,"z":0.0,"w":0.7071068286895752}}]}