{"animalList":[{"_id":"Animal:d661f2af-487f-47ac-9c2f-76a049b802fc","position":{"x":41.3087158,"y":3.0,"z":56.31559},"rotation":{"x":0.0,"y":-0.9387384,"z":0.0,"w":0.344630718},"localScale":{"x":1.0,"y":1.0,"z":1.0},"selectedPrefabId":28246,"tag":"Placed","placeablePrice":800,"placeableName":"Fox","exhibitId":"Exhibit:0c8b7be8-aa25-4b5a-bf34-17af47bde42e","hunger":86.9693146,"thirst":77.0594,"restroomNeeds":55.0479927,"happiness":92.09666,"health":26.6330662,"prevDay":638401824000000000,"isSick":true,"age":1.0,"birthDate":638396640000000000,"isMale":true,"isPregnant":false,"dayOfConception":0,"fertility":54}]}