{"buildingList":[{"_id":"Building:e7ddd515-2c8b-4b11-9d8e-f7fcf32a3967","position":{"x":42.5,"y":3.5,"z":54.5},"rotation":{"x":0.0,"y":0.7071068,"z":0.0,"w":0.7071068},"selectedPrefabId":28576,"tag":"Placed","placeablePrice":1500,"reachable":true,"capacity":4,"visitorsIds":["Visitor:c6eb1b7b-2f17-4e7d-ab75-071ef159c4e7","Visitor:e8cb55e0-ae22-4a4f-9589-64def657140d","Visitor:5f4c8d70-4f2b-4a7a-b20b-734864ef1482","Visitor:07af4dcc-768b-4427-849d-937e9c8a3995","Visitor:ba9753f9-6c15-41bf-b422-270f7fe28e07","Visitor:774f84ba-bb9b-4030-86e2-ddc909e92d98"],"itemsBought":0,"x":1,"z":-2,"startingGridIndex":{"x":10.0,"y":0.0,"z":22.0}}]}