{"exhibitList":[{"gridListPositions":[{"x":41.0,"y":3.0,"z":56.0},{"x":42.0,"y":3.0,"z":56.0},{"x":41.0,"y":3.0,"z":57.0},{"x":42.0,"y":3.0,"z":57.0}],"_id":"Exhibit:0c8b7be8-aa25-4b5a-bf34-17af47bde42e","position":{"x":41.5,"y":3.5,"z":57.5},"rotation":{"x":0.0,"y":0.7071068,"z":0.0,"w":-0.7071068},"selectedPrefabId":28316,"tag":"Placed","exhibitName":"Exhibit0","animalsIds":["Animal:d661f2af-487f-47ac-9c2f-76a049b802fc"],"foliagesIds":["Nature:3760492b-4057-4947-a6c8-985dd9717db4","Nature:3760492b-4057-4947-a6c8-985dd9717db4","Nature:908dc0dd-3789-4191-b0af-d1dd7e0662f2","Nature:908dc0dd-3789-4191-b0af-d1dd7e0662f2","Nature:bde783b2-7f9b-4a63-9393-919aea866c4d","Nature:bde783b2-7f9b-4a63-9393-919aea866c4d"],"isExitGridInverted":false,"timesRotated":3,"exhibitCount":1,"reachable":true,"staffsIds":["Zookeeper:96e51cf1-f701-4b64-9d40-6eba85142159"],"food":160.392975,"water":404.6796,"waterCapacity":500.0,"foodPlacesIds":["AnimalFood:a3fbbe8a-53eb-4679-9a30-78dd2a1fa2e8"],"waterPlacesIds":["WaterTrough:958a7022-ff0b-4f09-8d9d-c2b6a06a25da"],"occupiedSpace":0.5,"isMixed":false,"visitorsIds":["Visitor:490f9d1b-e3b0-439c-b059-ce5baad214a0","Visitor:018ea9ea-67b5-4e7f-9777-403a3fc901d0","Visitor:4cd15c47-36e1-41cf-8269-4dd77f6436d8","Visitor:ff43c8dc-f459-4082-aa09-859db0290702","Visitor:a02b7ddc-307d-4e92-86bc-79ec8dbb844f","Visitor:3370ce4a-ecb9-4c41-9f37-e5505f266380"]}]}